gene	pmGene	oldGeneName
cds-PMN2A_RS01135	PMN2A_RS01135	PMN2A_1548
cds-PMN2A_RS09995	PMN2A_RS09995	PMN2A_1092
cds-PMN2A_RS10130	PMN2A_RS10130	PMN2A_2067
cds-WP_006043540.1	PMN2A_RS02495	PMN2A_1807
cds-WP_009788866.1	PMN2A_RS08600	PMN2A_1073
cds-WP_011125327.1-3	PMN2A_RS07920	PMN2A_0941
cds-WP_011125327.1	PMN2A_RS05975	PMN2A_0576
cds-WP_011125758.1	PMN2A_RS08160	PMN2A_0985
cds-WP_011130577.1	PMN2A_RS02855	PMN2A_1878
cds-WP_011293535.1	PMN2A_RS02940	PMN2A_0001
cds-WP_011293536.1	PMN2A_RS02945	PMN2A_0002
cds-WP_011293537.1	PMN2A_RS02950	PMN2A_0003
cds-WP_011293538.1	PMN2A_RS02955	PMN2A_0004
cds-WP_011293539.1	PMN2A_RS02960	PMN2A_0005
cds-WP_011293540.1	PMN2A_RS02970	PMN2A_0006
cds-WP_011293541.1	PMN2A_RS02975	PMN2A_0007
cds-WP_011293542.1	PMN2A_RS02980	PMN2A_0008
cds-WP_011293543.1	PMN2A_RS02985	PMN2A_0009
cds-WP_011293544.1	PMN2A_RS02990	PMN2A_0010
cds-WP_011293546.1	PMN2A_RS03000	PMN2A_0012
cds-WP_011293547.1	PMN2A_RS03005	PMN2A_0013
cds-WP_011293548.1	PMN2A_RS03010	PMN2A_0014
cds-WP_011293549.1	PMN2A_RS03015	PMN2A_0015
cds-WP_011293550.1	PMN2A_RS03020	PMN2A_0016
cds-WP_011293551.1	PMN2A_RS03025	PMN2A_0017
cds-WP_011293552.1	PMN2A_RS03030	PMN2A_0018
cds-WP_011293553.1	PMN2A_RS03035	PMN2A_0019
cds-WP_011293554.1	PMN2A_RS03040	PMN2A_0020
cds-WP_011293555.1	PMN2A_RS03045	PMN2A_0021
cds-WP_011293556.1	PMN2A_RS03050	PMN2A_0022
cds-WP_011293557.1	PMN2A_RS03055	PMN2A_0023
cds-WP_011293558.1	PMN2A_RS03060	PMN2A_0024
cds-WP_011293559.1	PMN2A_RS03065	PMN2A_0025
cds-WP_011293560.1	PMN2A_RS03070	PMN2A_0026
cds-WP_011293561.1	PMN2A_RS03075	PMN2A_0027
cds-WP_011293562.1	PMN2A_RS03080	PMN2A_0028
cds-WP_011293563.1	PMN2A_RS03085	PMN2A_0029
cds-WP_011293564.1	PMN2A_RS03090	PMN2A_0030
cds-WP_011293565.1	PMN2A_RS03095	PMN2A_0031
cds-WP_011293566.1	PMN2A_RS03100	PMN2A_0032
cds-WP_011293567.1	PMN2A_RS03105	PMN2A_0033
cds-WP_011293568.1	PMN2A_RS03110	PMN2A_0034
cds-WP_011293569.1	PMN2A_RS03115	PMN2A_0035
cds-WP_011293570.1	PMN2A_RS03120	PMN2A_0036
cds-WP_011293571.1	PMN2A_RS03125	PMN2A_0037
cds-WP_011293572.1	PMN2A_RS03130	PMN2A_0038
cds-WP_011293573.1	PMN2A_RS03135	PMN2A_0039
cds-WP_011293574.1	PMN2A_RS03140	PMN2A_0040
cds-WP_011293575.1	PMN2A_RS03145	PMN2A_0041
cds-WP_011293576.1	PMN2A_RS03150	PMN2A_0042
cds-WP_011293577.1	PMN2A_RS03155	PMN2A_0043
cds-WP_011293579.1	PMN2A_RS03165	PMN2A_0045
cds-WP_011293580.1	PMN2A_RS03170	PMN2A_0046
cds-WP_011293581.1	PMN2A_RS03175	PMN2A_0047
cds-WP_011293582.1	PMN2A_RS03180	PMN2A_0048
cds-WP_011293583.1	PMN2A_RS03185	PMN2A_0049
cds-WP_011293585.1	PMN2A_RS03195	PMN2A_0051
cds-WP_011293586.1	PMN2A_RS03200	PMN2A_0052
cds-WP_011293588.1	PMN2A_RS03210	PMN2A_0054
cds-WP_011293589.1	PMN2A_RS03215	PMN2A_0055
cds-WP_011293590.1	PMN2A_RS03220	PMN2A_0056
cds-WP_011293591.1	PMN2A_RS03225	PMN2A_0057
cds-WP_011293592.1	PMN2A_RS03230	PMN2A_0058
cds-WP_011293593.1	PMN2A_RS03235	PMN2A_0059
cds-WP_011293594.1	PMN2A_RS03240	PMN2A_0060
cds-WP_011293595.1	PMN2A_RS03245	PMN2A_0061
cds-WP_011293596.1	PMN2A_RS03250	PMN2A_0062
cds-WP_011293597.1	PMN2A_RS03255	PMN2A_0063
cds-WP_011293598.1	PMN2A_RS03260	PMN2A_0064
cds-WP_011293599.1	PMN2A_RS03265	PMN2A_0065
cds-WP_011293600.1	PMN2A_RS03275	PMN2A_0066
cds-WP_011293601.1	PMN2A_RS03280	PMN2A_0067
cds-WP_011293602.1	PMN2A_RS03285	PMN2A_0068
cds-WP_011293603.1	PMN2A_RS03290	PMN2A_0069
cds-WP_011293604.1	PMN2A_RS03295	PMN2A_0070
cds-WP_011293605.1	PMN2A_RS03300	PMN2A_0071
cds-WP_011293606.1	PMN2A_RS03305	PMN2A_0072
cds-WP_011293607.1	PMN2A_RS03310	PMN2A_0073
cds-WP_011293608.1	PMN2A_RS03315	PMN2A_0074
cds-WP_011293609.1	PMN2A_RS03320	PMN2A_0075
cds-WP_011293610.1	PMN2A_RS03325	PMN2A_0076
cds-WP_011293612.1	PMN2A_RS03335	PMN2A_0078
cds-WP_011293613.1	PMN2A_RS03340	PMN2A_0079
cds-WP_011293614.1	PMN2A_RS03345	PMN2A_0080
cds-WP_011293616.1	PMN2A_RS03355	PMN2A_0082
cds-WP_011293617.1	PMN2A_RS03360	PMN2A_0083
cds-WP_011293618.1	PMN2A_RS03365	PMN2A_0084
cds-WP_011293620.1	PMN2A_RS03375	PMN2A_0086
cds-WP_011293621.1	PMN2A_RS03380	PMN2A_0087
cds-WP_011293622.1	PMN2A_RS03385	PMN2A_0088
cds-WP_011293623.1	PMN2A_RS03390	PMN2A_0089
cds-WP_011293624.1	PMN2A_RS03395	PMN2A_0090
cds-WP_011293625.1	PMN2A_RS03405	PMN2A_0091
cds-WP_011293626.1	PMN2A_RS03410	PMN2A_0092
cds-WP_011293627.1	PMN2A_RS03415	PMN2A_0093
cds-WP_011293628.1	PMN2A_RS03420	PMN2A_0094
cds-WP_011293629.1	PMN2A_RS03425	PMN2A_0095
cds-WP_011293630.1	PMN2A_RS03430	PMN2A_0096
cds-WP_011293631.1	PMN2A_RS03435	PMN2A_0097
cds-WP_011293632.1	PMN2A_RS03440	PMN2A_0098
cds-WP_011293633.1	PMN2A_RS03445	PMN2A_0099
cds-WP_011293634.1	PMN2A_RS03450	PMN2A_0100
cds-WP_011293635.1	PMN2A_RS03455	PMN2A_0101
cds-WP_011293636.1	PMN2A_RS03460	PMN2A_0102
cds-WP_011293637.1	PMN2A_RS03465	PMN2A_0103
cds-WP_011293638.1	PMN2A_RS03470	PMN2A_0104
cds-WP_011293639.1	PMN2A_RS03475	PMN2A_0105
cds-WP_011293640.1	PMN2A_RS03480	PMN2A_0106
cds-WP_011293641.1	PMN2A_RS03485	PMN2A_0107
cds-WP_011293642.1	PMN2A_RS03490	PMN2A_0108
cds-WP_011293644.1	PMN2A_RS03500	PMN2A_0110
cds-WP_011293645.1	PMN2A_RS03505	PMN2A_0111
cds-WP_011293646.1	PMN2A_RS03510	PMN2A_0112
cds-WP_011293647.1	PMN2A_RS03515	PMN2A_0113
cds-WP_011293648.1	PMN2A_RS03520	PMN2A_0114
cds-WP_011293649.1	PMN2A_RS03525	PMN2A_0115
cds-WP_011293650.1	PMN2A_RS03530	PMN2A_0116
cds-WP_011293651.1	PMN2A_RS03535	PMN2A_0117
cds-WP_011293652.1	PMN2A_RS03540	PMN2A_0118
cds-WP_011293653.1	PMN2A_RS03545	PMN2A_0119
cds-WP_011293654.1	PMN2A_RS03550	PMN2A_0120
cds-WP_011293655.1	PMN2A_RS03555	PMN2A_0121
cds-WP_011293656.1	PMN2A_RS10065	PMN2A_0122
cds-WP_011293657.1	PMN2A_RS03560	PMN2A_0123
cds-WP_011293658.1	PMN2A_RS03570	PMN2A_0124
cds-WP_011293659.1	PMN2A_RS03575	PMN2A_0125
cds-WP_011293660.1	PMN2A_RS03585	PMN2A_0126
cds-WP_011293661.1	PMN2A_RS03590	PMN2A_0127
cds-WP_011293662.1	PMN2A_RS03595	PMN2A_0128
cds-WP_011293663.1	PMN2A_RS03600	PMN2A_0129
cds-WP_011293664.1	PMN2A_RS03605	PMN2A_0130
cds-WP_011293665.1	PMN2A_RS03610	PMN2A_0131
cds-WP_011293666.1	PMN2A_RS03615	PMN2A_0132
cds-WP_011293667.1	PMN2A_RS03620	PMN2A_0133
cds-WP_011293668.1	PMN2A_RS03625	PMN2A_0134
cds-WP_011293669.1	PMN2A_RS03630	PMN2A_0135
cds-WP_011293670.1	PMN2A_RS03635	PMN2A_0136
cds-WP_011293671.1	PMN2A_RS03640	PMN2A_0137
cds-WP_011293672.1	PMN2A_RS03645	PMN2A_0138
cds-WP_011293673.1	PMN2A_RS03650	PMN2A_0139
cds-WP_011293674.1	PMN2A_RS03655	PMN2A_0140
cds-WP_011293675.1	PMN2A_RS03660	PMN2A_0141
cds-WP_011293676.1	PMN2A_RS03665	PMN2A_0142
cds-WP_011293677.1	PMN2A_RS03670	PMN2A_0143
cds-WP_011293678.1	PMN2A_RS03675	PMN2A_0144
cds-WP_011293679.1	PMN2A_RS03680	PMN2A_0145
cds-WP_011293680.1	PMN2A_RS03685	PMN2A_0146
cds-WP_011293681.1	PMN2A_RS03690	PMN2A_0147
cds-WP_011293682.1	PMN2A_RS03695	PMN2A_0148
cds-WP_011293683.1	PMN2A_RS03700	PMN2A_0149
cds-WP_011293684.1	PMN2A_RS03705	PMN2A_0150
cds-WP_011293685.1	PMN2A_RS03710	PMN2A_0151
cds-WP_011293686.1	PMN2A_RS03715	PMN2A_0152
cds-WP_011293687.1	PMN2A_RS03720	PMN2A_0153
cds-WP_011293688.1	PMN2A_RS03725	PMN2A_0154
cds-WP_011293690.1	PMN2A_RS03730	PMN2A_0156
cds-WP_011293691.1	PMN2A_RS03735	PMN2A_0157
cds-WP_011293692.1	PMN2A_RS03740	PMN2A_0158
cds-WP_011293693.1	PMN2A_RS03745	PMN2A_0159
cds-WP_011293694.1	PMN2A_RS03750	PMN2A_0160
cds-WP_011293695.1	PMN2A_RS03755	PMN2A_0161
cds-WP_011293696.1	PMN2A_RS03760	PMN2A_0162
cds-WP_011293697.1	PMN2A_RS03765	PMN2A_0163
cds-WP_011293698.1	PMN2A_RS03770	PMN2A_0164
cds-WP_011293699.1	PMN2A_RS03775	PMN2A_0165
cds-WP_011293700.1	PMN2A_RS03780	PMN2A_0166
cds-WP_011293701.1	PMN2A_RS03785	PMN2A_0167
cds-WP_011293702.1	PMN2A_RS03790	PMN2A_0168
cds-WP_011293703.1	PMN2A_RS03795	PMN2A_0169
cds-WP_011293704.1	PMN2A_RS03800	PMN2A_0170
cds-WP_011293705.1	PMN2A_RS03805	PMN2A_0171
cds-WP_011293706.1	PMN2A_RS03810	PMN2A_0172
cds-WP_011293707.1	PMN2A_RS03815	PMN2A_0173
cds-WP_011293708.1	PMN2A_RS03820	PMN2A_0174
cds-WP_011293709.1	PMN2A_RS03825	PMN2A_0175
cds-WP_011293710.1	PMN2A_RS03830	PMN2A_0176
cds-WP_011293711.1	PMN2A_RS03835	PMN2A_0177
cds-WP_011293712.1	PMN2A_RS03840	PMN2A_0178
cds-WP_011293713.1	PMN2A_RS03845	PMN2A_0179
cds-WP_011293714.1	PMN2A_RS03850	PMN2A_0180
cds-WP_011293715.1	PMN2A_RS03855	PMN2A_0181
cds-WP_011293716.1	PMN2A_RS03860	PMN2A_0182
cds-WP_011293717.1	PMN2A_RS03865	PMN2A_0183
cds-WP_011293718.1	PMN2A_RS03870	PMN2A_0184
cds-WP_011293719.1	PMN2A_RS10070	PMN2A_0185
cds-WP_011293720.1	PMN2A_RS03875	PMN2A_0186
cds-WP_011293721.1	PMN2A_RS03880	PMN2A_0187
cds-WP_011293722.1	PMN2A_RS03885	PMN2A_0188
cds-WP_011293723.1	PMN2A_RS03890	PMN2A_0189
cds-WP_011293724.1	PMN2A_RS03895	PMN2A_0190
cds-WP_011293725.1	PMN2A_RS03900	PMN2A_0191
cds-WP_011293726.1	PMN2A_RS03905	PMN2A_0192
cds-WP_011293727.1	PMN2A_RS03910	PMN2A_0193
cds-WP_011293728.1	PMN2A_RS03915	PMN2A_0194
cds-WP_011293729.1	PMN2A_RS03920	PMN2A_0195
cds-WP_011293730.1	PMN2A_RS03925	PMN2A_0196
cds-WP_011293732.1	PMN2A_RS03935	PMN2A_0198
cds-WP_011293733.1	PMN2A_RS03940	PMN2A_0199
cds-WP_011293734.1	PMN2A_RS03945	PMN2A_0200
cds-WP_011293735.1	PMN2A_RS03950	PMN2A_0201
cds-WP_011293736.1	PMN2A_RS03955	PMN2A_0202
cds-WP_011293737.1	PMN2A_RS03960	PMN2A_0203
cds-WP_011293738.1	PMN2A_RS03965	PMN2A_0204
cds-WP_011293739.1	PMN2A_RS03970	PMN2A_0205
cds-WP_011293740.1	PMN2A_RS03975	PMN2A_0206
cds-WP_011293741.1	PMN2A_RS03980	PMN2A_0207
cds-WP_011293742.1	PMN2A_RS03985	PMN2A_0208
cds-WP_011293743.1	PMN2A_RS03990	PMN2A_0209
cds-WP_011293744.1	PMN2A_RS03995	PMN2A_0210
cds-WP_011293745.1	PMN2A_RS04000	PMN2A_0211
cds-WP_011293746.1	PMN2A_RS04005	PMN2A_0212
cds-WP_011293747.1	PMN2A_RS04010	PMN2A_0213
cds-WP_011293748.1	PMN2A_RS04015	PMN2A_0214
cds-WP_011293749.1	PMN2A_RS04020	PMN2A_0215
cds-WP_011293750.1	PMN2A_RS04025	PMN2A_0216
cds-WP_011293751.1	PMN2A_RS04030	PMN2A_0217
cds-WP_011293752.1	PMN2A_RS04035	PMN2A_0218
cds-WP_011293753.1	PMN2A_RS10080	PMN2A_0219
cds-WP_011293755.1	PMN2A_RS04040	PMN2A_0221
cds-WP_011293756.1	PMN2A_RS04050	PMN2A_0222
cds-WP_011293757.1	PMN2A_RS04055	PMN2A_0223
cds-WP_011293758.1	PMN2A_RS04060	PMN2A_0224
cds-WP_011293759.1	PMN2A_RS04065	PMN2A_0225
cds-WP_011293760.1	PMN2A_RS04070	PMN2A_0226
cds-WP_011293761.1	PMN2A_RS04075	PMN2A_0227
cds-WP_011293762.1	PMN2A_RS04080	PMN2A_0228
cds-WP_011293763.1	PMN2A_RS04085	PMN2A_0229
cds-WP_011293764.1	PMN2A_RS04090	PMN2A_0230
cds-WP_011293765.1	PMN2A_RS04095	PMN2A_0231
cds-WP_011293767.1	PMN2A_RS04100	PMN2A_0233
cds-WP_011293768.1	PMN2A_RS04105	PMN2A_0234
cds-WP_011293769.1	PMN2A_RS04110	PMN2A_0235
cds-WP_011293770.1	PMN2A_RS04115	PMN2A_0236
cds-WP_011293771.1	PMN2A_RS04120	PMN2A_0237
cds-WP_011293772.1	PMN2A_RS04125	PMN2A_0238
cds-WP_011293773.1	PMN2A_RS04130	PMN2A_0239
cds-WP_011293775.1	PMN2A_RS04135	PMN2A_0241
cds-WP_011293776.1	PMN2A_RS04140	PMN2A_0242
cds-WP_011293777.1	PMN2A_RS04150	PMN2A_0243
cds-WP_011293778.1	PMN2A_RS04155	PMN2A_0244
cds-WP_011293779.1	PMN2A_RS04160	PMN2A_0245
cds-WP_011293780.1	PMN2A_RS04165	PMN2A_0246
cds-WP_011293781.1	PMN2A_RS04170	PMN2A_0247
cds-WP_011293782.1	PMN2A_RS04175	PMN2A_0248
cds-WP_011293783.1	PMN2A_RS04180	PMN2A_0249
cds-WP_011293785.1	PMN2A_RS04185	PMN2A_0251
cds-WP_011293786.1	PMN2A_RS04190	PMN2A_0252
cds-WP_011293787.1	PMN2A_RS04200	PMN2A_0253
cds-WP_011293788.1	PMN2A_RS04205	PMN2A_0254
cds-WP_011293789.1	PMN2A_RS04210	PMN2A_0255
cds-WP_011293790.1	PMN2A_RS04215	PMN2A_0256
cds-WP_011293791.1	PMN2A_RS04220	PMN2A_0257
cds-WP_011293792.1	PMN2A_RS04225	PMN2A_0258
cds-WP_011293793.1	PMN2A_RS04230	PMN2A_0259
cds-WP_011293795.1	PMN2A_RS04240	PMN2A_0261
cds-WP_011293796.1	PMN2A_RS04245	PMN2A_0262
cds-WP_011293797.1	PMN2A_RS04250	PMN2A_0263
cds-WP_011293798.1	PMN2A_RS04255	PMN2A_0264
cds-WP_011293799.1	PMN2A_RS04260	PMN2A_0265
cds-WP_011293800.1	PMN2A_RS04265	PMN2A_0266
cds-WP_011293801.1	PMN2A_RS04270	PMN2A_0267
cds-WP_011293802.1	PMN2A_RS04275	PMN2A_0268
cds-WP_011293803.1	PMN2A_RS04280	PMN2A_0269
cds-WP_011293804.1	PMN2A_RS04285	PMN2A_0270
cds-WP_011293805.1	PMN2A_RS04290	PMN2A_0271
cds-WP_011293806.1	PMN2A_RS04295	PMN2A_0272
cds-WP_011293807.1	PMN2A_RS04300	PMN2A_0273
cds-WP_011293808.1	PMN2A_RS04305	PMN2A_0274
cds-WP_011293809.1	PMN2A_RS04310	PMN2A_0275
cds-WP_011293811.1	PMN2A_RS04320	PMN2A_0277
cds-WP_011293812.1	PMN2A_RS04325	PMN2A_0278
cds-WP_011293813.1	PMN2A_RS04330	PMN2A_0279
cds-WP_011293814.1	PMN2A_RS04335	PMN2A_0280
cds-WP_011293815.1	PMN2A_RS04340	PMN2A_0281
cds-WP_011293816.1	PMN2A_RS04345	PMN2A_0282
cds-WP_011293817.1	PMN2A_RS04350	PMN2A_0283
cds-WP_011293818.1	PMN2A_RS04355	PMN2A_0284
cds-WP_011293819.1	PMN2A_RS04360	PMN2A_0285
cds-WP_011293820.1	PMN2A_RS04365	PMN2A_0286
cds-WP_011293821.1	PMN2A_RS04370	PMN2A_0287
cds-WP_011293822.1	PMN2A_RS04375	PMN2A_0288
cds-WP_011293823.1	PMN2A_RS04380	PMN2A_0289
cds-WP_011293824.1	PMN2A_RS10085	PMN2A_0290
cds-WP_011293825.1	PMN2A_RS04385	PMN2A_0291
cds-WP_011293826.1	PMN2A_RS04390	PMN2A_0292
cds-WP_011293827.1	PMN2A_RS04395	PMN2A_0293
cds-WP_011293828.1	PMN2A_RS04400	PMN2A_0294
cds-WP_011293829.1	PMN2A_RS04405	PMN2A_0295
cds-WP_011293830.1	PMN2A_RS04410	PMN2A_0296
cds-WP_011293831.1	PMN2A_RS04415	PMN2A_0297
cds-WP_011293832.1	PMN2A_RS04420	PMN2A_0298
cds-WP_011293833.1	PMN2A_RS04425	PMN2A_0299
cds-WP_011293834.1	PMN2A_RS04430	PMN2A_0300
cds-WP_011293835.1	PMN2A_RS04435	PMN2A_0301
cds-WP_011293836.1	PMN2A_RS04440	PMN2A_0302
cds-WP_011293837.1	PMN2A_RS04445	PMN2A_0303
cds-WP_011293838.1	PMN2A_RS04450	PMN2A_0304
cds-WP_011293839.1	PMN2A_RS04455	PMN2A_0305
cds-WP_011293840.1	PMN2A_RS04460	PMN2A_0306
cds-WP_011293841.1	PMN2A_RS04465	PMN2A_0307
cds-WP_011293842.1	PMN2A_RS04470	PMN2A_0308
cds-WP_011293843.1	PMN2A_RS04480	PMN2A_0309
cds-WP_011293844.1	PMN2A_RS04485	PMN2A_0310
cds-WP_011293845.1	PMN2A_RS04490	PMN2A_0311
cds-WP_011293846.1	PMN2A_RS04495	PMN2A_0312
cds-WP_011293847.1	PMN2A_RS04500	PMN2A_0313
cds-WP_011293848.1	PMN2A_RS04505	PMN2A_0314
cds-WP_011293849.1	PMN2A_RS04510	PMN2A_0315
cds-WP_011293850.1	PMN2A_RS04515	PMN2A_0316
cds-WP_011293851.1	PMN2A_RS04520	PMN2A_0317
cds-WP_011293852.1	PMN2A_RS04525	PMN2A_0318
cds-WP_011293853.1	PMN2A_RS04530	PMN2A_0319
cds-WP_011293854.1	PMN2A_RS04535	PMN2A_0320
cds-WP_011293855.1	PMN2A_RS04540	PMN2A_0321
cds-WP_011293856.1	PMN2A_RS04545	PMN2A_0322
cds-WP_011293857.1	PMN2A_RS04550	PMN2A_0323
cds-WP_011293858.1	PMN2A_RS04555	PMN2A_0324
cds-WP_011293859.1	PMN2A_RS04560	PMN2A_0325
cds-WP_011293860.1	PMN2A_RS04565	PMN2A_0326
cds-WP_011293861.1	PMN2A_RS04570	PMN2A_0327
cds-WP_011293862.1	PMN2A_RS04575	PMN2A_0328
cds-WP_011293863.1	PMN2A_RS04580	PMN2A_0329
cds-WP_011293865.1	PMN2A_RS04590	PMN2A_0331
cds-WP_011293866.1	PMN2A_RS04595	PMN2A_0332
cds-WP_011293867.1	PMN2A_RS04600	PMN2A_0333
cds-WP_011293868.1	PMN2A_RS04605	PMN2A_0334
cds-WP_011293869.1	PMN2A_RS04615	PMN2A_0335
cds-WP_011293870.1	PMN2A_RS04620	PMN2A_0336
cds-WP_011293871.1	PMN2A_RS04625	PMN2A_0337
cds-WP_011293872.1	PMN2A_RS04630	PMN2A_0338
cds-WP_011293873.1	PMN2A_RS04635	PMN2A_0339
cds-WP_011293874.1	PMN2A_RS04640	PMN2A_0340
cds-WP_011293875.1	PMN2A_RS04645	PMN2A_0341
cds-WP_011293876.1	PMN2A_RS04650	PMN2A_0342
cds-WP_011293877.1	PMN2A_RS04655	PMN2A_0343
cds-WP_011293878.1	PMN2A_RS04660	PMN2A_0344
cds-WP_011293879.1	PMN2A_RS04665	PMN2A_0345
cds-WP_011293880.1	PMN2A_RS04670	PMN2A_0346
cds-WP_011293881.1	PMN2A_RS04695	PMN2A_0347
cds-WP_011293882.1	PMN2A_RS04700	PMN2A_0348
cds-WP_011293884.1	PMN2A_RS04710	PMN2A_0350
cds-WP_011293885.1	PMN2A_RS04720	PMN2A_0351
cds-WP_011293886.1	PMN2A_RS04725	PMN2A_0352
cds-WP_011293887.1	PMN2A_RS04730	PMN2A_0353
cds-WP_011293888.1	PMN2A_RS04735	PMN2A_0354
cds-WP_011293889.1	PMN2A_RS04740	PMN2A_0355
cds-WP_011293890.1	PMN2A_RS04745	PMN2A_0356
cds-WP_011293891.1	PMN2A_RS04750	PMN2A_0357
cds-WP_011293892.1	PMN2A_RS04755	PMN2A_0358
cds-WP_011293893.1	PMN2A_RS04760	PMN2A_0359
cds-WP_011293894.1	PMN2A_RS04765	PMN2A_0360
cds-WP_011293895.1	PMN2A_RS04770	PMN2A_0361
cds-WP_011293896.1	PMN2A_RS04775	PMN2A_0362
cds-WP_011293898.1	PMN2A_RS04785	PMN2A_0364
cds-WP_011293899.1	PMN2A_RS04790	PMN2A_0365
cds-WP_011293900.1	PMN2A_RS04795	PMN2A_0366
cds-WP_011293901.1	PMN2A_RS04800	PMN2A_0367
cds-WP_011293902.1	PMN2A_RS04805	PMN2A_0368
cds-WP_011293903.1	PMN2A_RS04810	PMN2A_0369
cds-WP_011293904.1	PMN2A_RS04815	PMN2A_0370
cds-WP_011293905.1	PMN2A_RS04820	PMN2A_0371
cds-WP_011293906.1	PMN2A_RS04825	PMN2A_0372
cds-WP_011293907.1	PMN2A_RS04830	PMN2A_0373
cds-WP_011293908.1	PMN2A_RS04835	PMN2A_0374
cds-WP_011293909.1	PMN2A_RS04840	PMN2A_0375
cds-WP_011293910.1	PMN2A_RS04845	PMN2A_0376
cds-WP_011293911.1	PMN2A_RS04850	PMN2A_0377
cds-WP_011293912.1	PMN2A_RS04855	PMN2A_0378
cds-WP_011293913.1	PMN2A_RS04860	PMN2A_0379
cds-WP_011293914.1	PMN2A_RS04865	PMN2A_0380
cds-WP_011293915.1	PMN2A_RS04870	PMN2A_0381
cds-WP_011293916.1	PMN2A_RS04875	PMN2A_0382
cds-WP_011293917.1	PMN2A_RS04880	PMN2A_0383
cds-WP_011293918.1	PMN2A_RS04885	PMN2A_0384
cds-WP_011293919.1	PMN2A_RS04890	PMN2A_0385
cds-WP_011293920.1	PMN2A_RS04895	PMN2A_0386
cds-WP_011293921.1	PMN2A_RS04900	PMN2A_0387
cds-WP_011293922.1	PMN2A_RS04905	PMN2A_0388
cds-WP_011293923.1	PMN2A_RS04915	PMN2A_0389
cds-WP_011293924.1	PMN2A_RS04925	PMN2A_0390
cds-WP_011293925.1	PMN2A_RS04935	PMN2A_0391
cds-WP_011293926.1	PMN2A_RS04940	PMN2A_0392
cds-WP_011293927.1	PMN2A_RS04945	PMN2A_0393
cds-WP_011293928.1	PMN2A_RS04955	PMN2A_0394
cds-WP_011293929.1	PMN2A_RS04960	PMN2A_0395
cds-WP_011293930.1	PMN2A_RS04965	PMN2A_0396
cds-WP_011293931.1	PMN2A_RS04970	PMN2A_0397
cds-WP_011293932.1	PMN2A_RS04975	PMN2A_0398
cds-WP_011293933.1	PMN2A_RS04980	PMN2A_0399
cds-WP_011293934.1	PMN2A_RS04985	PMN2A_0400
cds-WP_011293935.1	PMN2A_RS04990	PMN2A_0401
cds-WP_011293936.1	PMN2A_RS05000	PMN2A_0402
cds-WP_011293937.1	PMN2A_RS05005	PMN2A_0403
cds-WP_011293938.1	PMN2A_RS05010	PMN2A_0404
cds-WP_011293940.1	PMN2A_RS05015	PMN2A_0406
cds-WP_011293941.1	PMN2A_RS05020	PMN2A_0407
cds-WP_011293942.1	PMN2A_RS05025	PMN2A_0408
cds-WP_011293943.1	PMN2A_RS05030	PMN2A_0409
cds-WP_011293944.1	PMN2A_RS05040	PMN2A_0410
cds-WP_011293945.1	PMN2A_RS05050	PMN2A_0411
cds-WP_011293946.1	PMN2A_RS05055	PMN2A_0412
cds-WP_011293948.1	PMN2A_RS05070	PMN2A_0414
cds-WP_011293949.1	PMN2A_RS05075	PMN2A_0415
cds-WP_011293950.1	PMN2A_RS05080	PMN2A_0416
cds-WP_011293951.1	PMN2A_RS05085	PMN2A_0417
cds-WP_011293952.1-2	PMN2A_RS05090	PMN2A_0418
cds-WP_011293952.1-3	PMN2A_RS06145	PMN2A_0603
cds-WP_011293952.1	PMN2A_RS02035	PMN2A_1717
cds-WP_011293953.1	PMN2A_RS05095	PMN2A_0419
cds-WP_011293954.1	PMN2A_RS05105	PMN2A_0420
cds-WP_011293955.1	PMN2A_RS05110	PMN2A_0421
cds-WP_011293956.1	PMN2A_RS05115	PMN2A_0422
cds-WP_011293957.1	PMN2A_RS05120	PMN2A_0423
cds-WP_011293958.1	PMN2A_RS05125	PMN2A_0424
cds-WP_011293959.1	PMN2A_RS05130	PMN2A_0425
cds-WP_011293960.1	PMN2A_RS05135	PMN2A_0426
cds-WP_011293961.1	PMN2A_RS00015	PMN2A_1328
cds-WP_011293962.1	PMN2A_RS00020	PMN2A_1329
cds-WP_011293963.1	PMN2A_RS00025	PMN2A_1330
cds-WP_011293964.1	PMN2A_RS00030	PMN2A_1331
cds-WP_011293965.1	PMN2A_RS00035	PMN2A_1332
cds-WP_011293966.1	PMN2A_RS00040	PMN2A_1333
cds-WP_011293967.1	PMN2A_RS00045	PMN2A_1334
cds-WP_011293969.1	PMN2A_RS00055	PMN2A_1336
cds-WP_011293970.1	PMN2A_RS00060	PMN2A_1337
cds-WP_011293971.1	PMN2A_RS00065	PMN2A_1338
cds-WP_011293972.1	PMN2A_RS00070	PMN2A_1339
cds-WP_011293973.1	PMN2A_RS00075	PMN2A_1340
cds-WP_011293974.1	PMN2A_RS00080	PMN2A_1341
cds-WP_011293975.1	PMN2A_RS00085	PMN2A_1342
cds-WP_011293976.1	PMN2A_RS00090	PMN2A_1343
cds-WP_011293977.1	PMN2A_RS00095	PMN2A_1344
cds-WP_011293978.1	PMN2A_RS00100	PMN2A_1345
cds-WP_011293979.1	PMN2A_RS00105	PMN2A_1346
cds-WP_011293980.1	PMN2A_RS00110	PMN2A_1347
cds-WP_011293981.1	PMN2A_RS00115	PMN2A_1348
cds-WP_011293982.1	PMN2A_RS00120	PMN2A_1349
cds-WP_011293983.1	PMN2A_RS00125	PMN2A_1350
cds-WP_011293984.1	PMN2A_RS00130	PMN2A_1351
cds-WP_011293985.1	PMN2A_RS00135	PMN2A_1352
cds-WP_011293986.1	PMN2A_RS00140	PMN2A_1353
cds-WP_011293987.1	PMN2A_RS00145	PMN2A_1354
cds-WP_011293988.1	PMN2A_RS00150	PMN2A_1355
cds-WP_011293989.1	PMN2A_RS00155	PMN2A_1356
cds-WP_011293990.1	PMN2A_RS00160	PMN2A_1357
cds-WP_011293991.1	PMN2A_RS00165	PMN2A_1358
cds-WP_011293992.1	PMN2A_RS00170	PMN2A_1359
cds-WP_011293993.1	PMN2A_RS00175	PMN2A_1360
cds-WP_011293994.1	PMN2A_RS00180	PMN2A_1361
cds-WP_011293995.1	PMN2A_RS00185	PMN2A_1362
cds-WP_011293996.1	PMN2A_RS00190	PMN2A_1363
cds-WP_011293997.1	PMN2A_RS00195	PMN2A_1364
cds-WP_011293998.1	PMN2A_RS09955	PMN2A_1366
cds-WP_011293999.1	PMN2A_RS00210	PMN2A_1367
cds-WP_011294000.1	PMN2A_RS00215	PMN2A_1368
cds-WP_011294001.1	PMN2A_RS00220	PMN2A_1369
cds-WP_011294002.1	PMN2A_RS00225	PMN2A_1370
cds-WP_011294003.1	PMN2A_RS00230	PMN2A_1371
cds-WP_011294004.1	PMN2A_RS00235	PMN2A_1372
cds-WP_011294005.1	PMN2A_RS00240	PMN2A_1373
cds-WP_011294006.1	PMN2A_RS00245	PMN2A_1374
cds-WP_011294007.1	PMN2A_RS00250	PMN2A_1375
cds-WP_011294008.1	PMN2A_RS00255	PMN2A_1376
cds-WP_011294009.1	PMN2A_RS00260	PMN2A_1377
cds-WP_011294010.1	PMN2A_RS00265	PMN2A_1378
cds-WP_011294011.1	PMN2A_RS00270	PMN2A_1379
cds-WP_011294012.1	PMN2A_RS00275	PMN2A_1380
cds-WP_011294013.1	PMN2A_RS00280	PMN2A_1381
cds-WP_011294014.1	PMN2A_RS00285	PMN2A_1382
cds-WP_011294015.1	PMN2A_RS00290	PMN2A_1383
cds-WP_011294016.1	PMN2A_RS00295	PMN2A_1384
cds-WP_011294017.1	PMN2A_RS10215	PMN2A_1385
cds-WP_011294018.1	PMN2A_RS00305	PMN2A_1386
cds-WP_011294019.1	PMN2A_RS00315	PMN2A_1387
cds-WP_011294020.1	PMN2A_RS00320	PMN2A_1388
cds-WP_011294022.1	PMN2A_RS00330	PMN2A_1390
cds-WP_011294026.1	PMN2A_RS00355	PMN2A_1394
cds-WP_011294028.1	PMN2A_RS00365	PMN2A_1396
cds-WP_011294029.1	PMN2A_RS00375	PMN2A_1397
cds-WP_011294030.1	PMN2A_RS00380	PMN2A_1398
cds-WP_011294031.1	PMN2A_RS00385	PMN2A_1399
cds-WP_011294032.1	PMN2A_RS00390	PMN2A_1400
cds-WP_011294033.1	PMN2A_RS00395	PMN2A_1401
cds-WP_011294034.1	PMN2A_RS00400	PMN2A_1402
cds-WP_011294035.1	PMN2A_RS00405	PMN2A_1403
cds-WP_011294039.1	PMN2A_RS00420	PMN2A_1407
cds-WP_011294041.1	PMN2A_RS00430	PMN2A_1409
cds-WP_011294042.1	PMN2A_RS00435	PMN2A_1410
cds-WP_011294043.1	PMN2A_RS00440	PMN2A_1411
cds-WP_011294044.1	PMN2A_RS00445	PMN2A_1412
cds-WP_011294045.1	PMN2A_RS00450	PMN2A_1413
cds-WP_011294046.1	PMN2A_RS00455	PMN2A_1414
cds-WP_011294047.1	PMN2A_RS00465	PMN2A_1415
cds-WP_011294048.1	PMN2A_RS00470	PMN2A_1416
cds-WP_011294049.1	PMN2A_RS00475	PMN2A_1417
cds-WP_011294051.1	PMN2A_RS00480	PMN2A_1419
cds-WP_011294053.1	PMN2A_RS00490	PMN2A_1421
cds-WP_011294054.1	PMN2A_RS00495	PMN2A_1422
cds-WP_011294055.1	PMN2A_RS00505	PMN2A_1423
cds-WP_011294056.1	PMN2A_RS00510	PMN2A_1424
cds-WP_011294057.1	PMN2A_RS00515	PMN2A_1425
cds-WP_011294058.1	PMN2A_RS00520	PMN2A_1426
cds-WP_011294059.1	PMN2A_RS00525	PMN2A_1427
cds-WP_011294060.1	PMN2A_RS00530	PMN2A_1428
cds-WP_011294061.1	PMN2A_RS00535	PMN2A_1429
cds-WP_011294062.1	PMN2A_RS00540	PMN2A_1430
cds-WP_011294063.1	PMN2A_RS00545	PMN2A_1431
cds-WP_011294064.1	PMN2A_RS00550	PMN2A_1432
cds-WP_011294065.1	PMN2A_RS00555	PMN2A_1433
cds-WP_011294066.1	PMN2A_RS00560	PMN2A_1434
cds-WP_011294067.1	PMN2A_RS00565	PMN2A_1435
cds-WP_011294068.1	PMN2A_RS00570	PMN2A_1436
cds-WP_011294069.1	PMN2A_RS00575	PMN2A_1437
cds-WP_011294070.1	PMN2A_RS00580	PMN2A_1438
cds-WP_011294072.1	PMN2A_RS00590	PMN2A_1440
cds-WP_011294073.1	PMN2A_RS00595	PMN2A_1441
cds-WP_011294075.1	PMN2A_RS00605	PMN2A_1443
cds-WP_011294077.1	PMN2A_RS00615	PMN2A_1445
cds-WP_011294079.1	PMN2A_RS00625	PMN2A_1447
cds-WP_011294080.1	PMN2A_RS00630	PMN2A_1448
cds-WP_011294081.1	PMN2A_RS00635	PMN2A_1449
cds-WP_011294082.1	PMN2A_RS00640	PMN2A_1450
cds-WP_011294083.1	PMN2A_RS00645	PMN2A_1451
cds-WP_011294084.1	PMN2A_RS00650	PMN2A_1452
cds-WP_011294085.1	PMN2A_RS00655	PMN2A_1453
cds-WP_011294087.1	PMN2A_RS00660	PMN2A_1455
cds-WP_011294088.1	PMN2A_RS00665	PMN2A_1456
cds-WP_011294089.1	PMN2A_RS00670	PMN2A_1457
cds-WP_011294090.1	PMN2A_RS00675	PMN2A_1458
cds-WP_011294091.1	PMN2A_RS00680	PMN2A_1459
cds-WP_011294092.1	PMN2A_RS00685	PMN2A_1460
cds-WP_011294093.1	PMN2A_RS00690	PMN2A_1461
cds-WP_011294094.1	PMN2A_RS00695	PMN2A_1462
cds-WP_011294095.1	PMN2A_RS00700	PMN2A_1463
cds-WP_011294096.1	PMN2A_RS00705	PMN2A_1464
cds-WP_011294097.1	PMN2A_RS00710	PMN2A_1465
cds-WP_011294098.1	PMN2A_RS00715	PMN2A_1466
cds-WP_011294099.1	PMN2A_RS00725	PMN2A_1467
cds-WP_011294100.1	PMN2A_RS00730	PMN2A_1468
cds-WP_011294101.1	PMN2A_RS00735	PMN2A_1469
cds-WP_011294102.1	PMN2A_RS00740	PMN2A_1470
cds-WP_011294103.1	PMN2A_RS00745	PMN2A_1471
cds-WP_011294104.1	PMN2A_RS00750	PMN2A_1472
cds-WP_011294105.1	PMN2A_RS00755	PMN2A_1473
cds-WP_011294106.1	PMN2A_RS00760	PMN2A_1474
cds-WP_011294107.1	PMN2A_RS00765	PMN2A_1475
cds-WP_011294108.1	PMN2A_RS00770	PMN2A_1476
cds-WP_011294109.1	PMN2A_RS00775	PMN2A_1909
cds-WP_011294110.1	PMN2A_RS00780	PMN2A_1477
cds-WP_011294111.1	PMN2A_RS00785	PMN2A_1478
cds-WP_011294112.1	PMN2A_RS00790	PMN2A_1479
cds-WP_011294113.1	PMN2A_RS00795	PMN2A_1480
cds-WP_011294114.1	PMN2A_RS00800	PMN2A_1481
cds-WP_011294115.1	PMN2A_RS00805	PMN2A_1482
cds-WP_011294116.1	PMN2A_RS00810	PMN2A_1483
cds-WP_011294117.1	PMN2A_RS00815	PMN2A_1484
cds-WP_011294118.1	PMN2A_RS00820	PMN2A_1485
cds-WP_011294119.1	PMN2A_RS00825	PMN2A_1486
cds-WP_011294120.1	PMN2A_RS00830	PMN2A_1487
cds-WP_011294121.1	PMN2A_RS00835	PMN2A_1488
cds-WP_011294122.1	PMN2A_RS00840	PMN2A_1489
cds-WP_011294123.1	PMN2A_RS00845	PMN2A_1490
cds-WP_011294124.1	PMN2A_RS00850	PMN2A_1491
cds-WP_011294125.1	PMN2A_RS00855	PMN2A_1492
cds-WP_011294126.1	PMN2A_RS00860	PMN2A_1493
cds-WP_011294127.1	PMN2A_RS00870	PMN2A_1494
cds-WP_011294128.1	PMN2A_RS00875	PMN2A_1495
cds-WP_011294129.1	PMN2A_RS00880	PMN2A_1496
cds-WP_011294130.1	PMN2A_RS00885	PMN2A_1497
cds-WP_011294131.1	PMN2A_RS00890	PMN2A_1498
cds-WP_011294132.1	PMN2A_RS00895	PMN2A_1499
cds-WP_011294133.1	PMN2A_RS00900	PMN2A_1500
cds-WP_011294134.1	PMN2A_RS00905	PMN2A_1501
cds-WP_011294135.1	PMN2A_RS00910	PMN2A_1502
cds-WP_011294136.1	PMN2A_RS00915	PMN2A_1503
cds-WP_011294137.1	PMN2A_RS00920	PMN2A_1504
cds-WP_011294139.1	PMN2A_RS00930	PMN2A_1506
cds-WP_011294140.1	PMN2A_RS00935	PMN2A_1507
cds-WP_011294141.1	PMN2A_RS00940	PMN2A_1508
cds-WP_011294142.1	PMN2A_RS00945	PMN2A_1509
cds-WP_011294143.1	PMN2A_RS00950	PMN2A_1510
cds-WP_011294144.1	PMN2A_RS00955	PMN2A_1511
cds-WP_011294145.1	PMN2A_RS00960	PMN2A_1512
cds-WP_011294146.1	PMN2A_RS00965	PMN2A_1513
cds-WP_011294147.1	PMN2A_RS00970	PMN2A_1514
cds-WP_011294148.1	PMN2A_RS00975	PMN2A_1515
cds-WP_011294149.1	PMN2A_RS00980	PMN2A_1516
cds-WP_011294150.1	PMN2A_RS00985	PMN2A_1517
cds-WP_011294151.1	PMN2A_RS00990	PMN2A_1518
cds-WP_011294152.1	PMN2A_RS00995	PMN2A_1519
cds-WP_011294153.1	PMN2A_RS01000	PMN2A_1520
cds-WP_011294155.1	PMN2A_RS01005	PMN2A_1522
cds-WP_011294156.1	PMN2A_RS01010	PMN2A_1523
cds-WP_011294157.1	PMN2A_RS01015	PMN2A_1524
cds-WP_011294158.1	PMN2A_RS01020	PMN2A_1525
cds-WP_011294159.1	PMN2A_RS01025	PMN2A_1526
cds-WP_011294160.1	PMN2A_RS01030	PMN2A_1527
cds-WP_011294161.1	PMN2A_RS01035	PMN2A_1528
cds-WP_011294162.1	PMN2A_RS01040	PMN2A_1529
cds-WP_011294163.1	PMN2A_RS01045	PMN2A_1530
cds-WP_011294164.1	PMN2A_RS01050	PMN2A_1531
cds-WP_011294165.1	PMN2A_RS01055	PMN2A_1532
cds-WP_011294166.1	PMN2A_RS01060	PMN2A_1533
cds-WP_011294167.1	PMN2A_RS01065	PMN2A_1534
cds-WP_011294168.1	PMN2A_RS01070	PMN2A_1535
cds-WP_011294169.1	PMN2A_RS01075	PMN2A_1536
cds-WP_011294170.1	PMN2A_RS01080	PMN2A_1537
cds-WP_011294171.1	PMN2A_RS01085	PMN2A_1538
cds-WP_011294172.1	PMN2A_RS01090	PMN2A_1539
cds-WP_011294173.1	PMN2A_RS01095	PMN2A_1540
cds-WP_011294174.1	PMN2A_RS01100	PMN2A_1541
cds-WP_011294175.1	PMN2A_RS01105	PMN2A_1542
cds-WP_011294176.1	PMN2A_RS01110	PMN2A_1543
cds-WP_011294177.1	PMN2A_RS01115	PMN2A_1544
cds-WP_011294178.1	PMN2A_RS01120	PMN2A_1545
cds-WP_011294179.1	PMN2A_RS01125	PMN2A_1546
cds-WP_011294180.1	PMN2A_RS01130	PMN2A_1547
cds-WP_011294182.1	PMN2A_RS01140	PMN2A_1549
cds-WP_011294183.1	PMN2A_RS01145	PMN2A_1550
cds-WP_011294184.1	PMN2A_RS01150	PMN2A_1551
cds-WP_011294185.1	PMN2A_RS01155	PMN2A_1552
cds-WP_011294186.1	PMN2A_RS01160	PMN2A_1553
cds-WP_011294187.1	PMN2A_RS01165	PMN2A_1554
cds-WP_011294188.1	PMN2A_RS01170	PMN2A_1555
cds-WP_011294189.1	PMN2A_RS01175	PMN2A_1556
cds-WP_011294190.1	PMN2A_RS01180	PMN2A_1557
cds-WP_011294191.1	PMN2A_RS01185	PMN2A_1558
cds-WP_011294192.1	PMN2A_RS01190	PMN2A_1559
cds-WP_011294193.1	PMN2A_RS01195	PMN2A_1560
cds-WP_011294194.1	PMN2A_RS01200	PMN2A_1561
cds-WP_011294195.1	PMN2A_RS01205	PMN2A_1562
cds-WP_011294196.1	PMN2A_RS01210	PMN2A_1563
cds-WP_011294197.1	PMN2A_RS01215	PMN2A_1564
cds-WP_011294198.1	PMN2A_RS01220	PMN2A_1565
cds-WP_011294199.1	PMN2A_RS01225	PMN2A_1566
cds-WP_011294200.1	PMN2A_RS01230	PMN2A_1567
cds-WP_011294201.1	PMN2A_RS01235	PMN2A_1568
cds-WP_011294202.1	PMN2A_RS01240	PMN2A_1569
cds-WP_011294203.1	PMN2A_RS01245	PMN2A_1570
cds-WP_011294204.1	PMN2A_RS01250	PMN2A_1571
cds-WP_011294205.1	PMN2A_RS01255	PMN2A_1572
cds-WP_011294206.1	PMN2A_RS01260	PMN2A_1573
cds-WP_011294207.1	PMN2A_RS01265	PMN2A_1574
cds-WP_011294208.1	PMN2A_RS01270	PMN2A_1575
cds-WP_011294210.1	PMN2A_RS01280	PMN2A_1577
cds-WP_011294211.1	PMN2A_RS01285	PMN2A_1578
cds-WP_011294212.1	PMN2A_RS01290	PMN2A_1579
cds-WP_011294213.1	PMN2A_RS01295	PMN2A_1580
cds-WP_011294214.1	PMN2A_RS01300	PMN2A_1581
cds-WP_011294215.1	PMN2A_RS01305	PMN2A_1582
cds-WP_011294216.1	PMN2A_RS01310	PMN2A_1583
cds-WP_011294217.1	PMN2A_RS01315	PMN2A_1584
cds-WP_011294218.1	PMN2A_RS01320	PMN2A_1585
cds-WP_011294219.1	PMN2A_RS01325	PMN2A_1586
cds-WP_011294220.1	PMN2A_RS01330	PMN2A_1587
cds-WP_011294221.1	PMN2A_RS01335	PMN2A_1588
cds-WP_011294222.1	PMN2A_RS01340	PMN2A_1589
cds-WP_011294223.1	PMN2A_RS01345	PMN2A_1590
cds-WP_011294224.1	PMN2A_RS01350	PMN2A_1591
cds-WP_011294225.1-2	PMN2A_RS05880	PMN2A_0558
cds-WP_011294225.1-3	PMN2A_RS06845	PMN2A_0735
cds-WP_011294225.1	PMN2A_RS01355	PMN2A_1592
cds-WP_011294226.1	PMN2A_RS01360	PMN2A_1593
cds-WP_011294227.1	PMN2A_RS01365	PMN2A_1594
cds-WP_011294228.1	PMN2A_RS01370	PMN2A_1595
cds-WP_011294230.1	PMN2A_RS01380	PMN2A_1597
cds-WP_011294231.1	PMN2A_RS01385	PMN2A_1598
cds-WP_011294232.1	PMN2A_RS01390	PMN2A_1599
cds-WP_011294233.1	PMN2A_RS01395	PMN2A_1600
cds-WP_011294235.1	PMN2A_RS01405	PMN2A_1602
cds-WP_011294236.1	PMN2A_RS01410	PMN2A_1603
cds-WP_011294237.1	PMN2A_RS01420	PMN2A_1604
cds-WP_011294238.1	PMN2A_RS01425	PMN2A_1605
cds-WP_011294239.1	PMN2A_RS01430	PMN2A_1606
cds-WP_011294240.1	PMN2A_RS01435	PMN2A_1607
cds-WP_011294241.1	PMN2A_RS01440	PMN2A_1608
cds-WP_011294242.1	PMN2A_RS01445	PMN2A_1609
cds-WP_011294243.1	PMN2A_RS01450	PMN2A_1610
cds-WP_011294244.1	PMN2A_RS01455	PMN2A_1611
cds-WP_011294245.1	PMN2A_RS01460	PMN2A_1612
cds-WP_011294246.1	PMN2A_RS01465	PMN2A_1613
cds-WP_011294247.1	PMN2A_RS01470	PMN2A_1614
cds-WP_011294248.1	PMN2A_RS01475	PMN2A_1615
cds-WP_011294249.1	PMN2A_RS01480	PMN2A_1616
cds-WP_011294250.1	PMN2A_RS01485	PMN2A_1617
cds-WP_011294251.1	PMN2A_RS01490	PMN2A_1618
cds-WP_011294252.1	PMN2A_RS10030	PMN2A_1619
cds-WP_011294253.1	PMN2A_RS01495	PMN2A_1620
cds-WP_011294254.1	PMN2A_RS01500	PMN2A_1621
cds-WP_011294255.1	PMN2A_RS01505	PMN2A_1622
cds-WP_011294256.1	PMN2A_RS01510	PMN2A_1623
cds-WP_011294257.1	PMN2A_RS01515	PMN2A_1624
cds-WP_011294258.1	PMN2A_RS01525	PMN2A_1625
cds-WP_011294259.1	PMN2A_RS01530	PMN2A_1626
cds-WP_011294260.1	PMN2A_RS01535	PMN2A_1627
cds-WP_011294261.1	PMN2A_RS01540	PMN2A_1628
cds-WP_011294262.1	PMN2A_RS01545	PMN2A_1629
cds-WP_011294263.1	PMN2A_RS01550	PMN2A_1630
cds-WP_011294264.1	PMN2A_RS01555	PMN2A_1631
cds-WP_011294265.1	PMN2A_RS01560	PMN2A_1632
cds-WP_011294266.1	PMN2A_RS01565	PMN2A_1633
cds-WP_011294267.1	PMN2A_RS01570	PMN2A_1634
cds-WP_011294268.1	PMN2A_RS01575	PMN2A_1635
cds-WP_011294270.1	PMN2A_RS01585	PMN2A_1637
cds-WP_011294271.1	PMN2A_RS10035	PMN2A_1638
cds-WP_011294273.1	PMN2A_RS01600	PMN2A_1640
cds-WP_011294275.1	PMN2A_RS01615	PMN2A_1642
cds-WP_011294276.1	PMN2A_RS01620	PMN2A_1643
cds-WP_011294277.1	PMN2A_RS01625	PMN2A_1644
cds-WP_011294278.1	PMN2A_RS01630	PMN2A_1645
cds-WP_011294279.1	PMN2A_RS01635	PMN2A_1646
cds-WP_011294280.1	PMN2A_RS01640	PMN2A_1647
cds-WP_011294281.1	PMN2A_RS01645	PMN2A_1648
cds-WP_011294282.1	PMN2A_RS01650	PMN2A_1649
cds-WP_011294283.1	PMN2A_RS01655	PMN2A_1650
cds-WP_011294284.1	PMN2A_RS01660	PMN2A_1651
cds-WP_011294285.1	PMN2A_RS01665	PMN2A_1652
cds-WP_011294286.1	PMN2A_RS01670	PMN2A_1653
cds-WP_011294287.1	PMN2A_RS01675	PMN2A_1654
cds-WP_011294288.1	PMN2A_RS01680	PMN2A_1655
cds-WP_011294289.1	PMN2A_RS01685	PMN2A_1656
cds-WP_011294290.1	PMN2A_RS01690	PMN2A_1657
cds-WP_011294291.1	PMN2A_RS01695	PMN2A_1658
cds-WP_011294292.1	PMN2A_RS01700	PMN2A_1659
cds-WP_011294293.1	PMN2A_RS01705	PMN2A_1660
cds-WP_011294294.1	PMN2A_RS01710	PMN2A_1661
cds-WP_011294295.1	PMN2A_RS01715	PMN2A_1662
cds-WP_011294296.1	PMN2A_RS01720	PMN2A_1663
cds-WP_011294297.1	PMN2A_RS10040	PMN2A_1664
cds-WP_011294298.1	PMN2A_RS01725	PMN2A_1665
cds-WP_011294300.1	PMN2A_RS01735	PMN2A_1667
cds-WP_011294301.1	PMN2A_RS01740	PMN2A_1668
cds-WP_011294302.1	PMN2A_RS01745	PMN2A_1669
cds-WP_011294303.1	PMN2A_RS01750	PMN2A_1670
cds-WP_011294304.1	PMN2A_RS01755	PMN2A_1671
cds-WP_011294305.1	PMN2A_RS01760	PMN2A_1672
cds-WP_011294306.1	PMN2A_RS01765	PMN2A_1673
cds-WP_011294307.1	PMN2A_RS01770	PMN2A_1674
cds-WP_011294308.1	PMN2A_RS01775	PMN2A_1675
cds-WP_011294309.1	PMN2A_RS01780	PMN2A_1676
cds-WP_011294310.1	PMN2A_RS01785	PMN2A_1677
cds-WP_011294311.1	PMN2A_RS01790	PMN2A_1678
cds-WP_011294312.1	PMN2A_RS01795	PMN2A_1679
cds-WP_011294313.1	PMN2A_RS01800	PMN2A_1680
cds-WP_011294314.1	PMN2A_RS01805	PMN2A_1681
cds-WP_011294315.1	PMN2A_RS01810	PMN2A_1682
cds-WP_011294317.1	PMN2A_RS01820	PMN2A_1683
cds-WP_011294318.1	PMN2A_RS01825	PMN2A_1684
cds-WP_011294319.1	PMN2A_RS01835	PMN2A_1685
cds-WP_011294320.1	PMN2A_RS01840	PMN2A_1686
cds-WP_011294321.1	PMN2A_RS01845	PMN2A_1687
cds-WP_011294322.1	PMN2A_RS01850	PMN2A_1688
cds-WP_011294323.1	PMN2A_RS01855	PMN2A_1689
cds-WP_011294324.1	PMN2A_RS01860	PMN2A_1690
cds-WP_011294325.1	PMN2A_RS10045	PMN2A_1691
cds-WP_011294326.1	PMN2A_RS01865	PMN2A_1692
cds-WP_011294327.1	PMN2A_RS01870	PMN2A_1693
cds-WP_011294328.1	PMN2A_RS01875	PMN2A_1694
cds-WP_011294329.1	PMN2A_RS01880	PMN2A_1695
cds-WP_011294332.1	PMN2A_RS01900	PMN2A_1698
cds-WP_011294333.1	PMN2A_RS01905	PMN2A_1699
cds-WP_011294334.1	PMN2A_RS01910	PMN2A_1700
cds-WP_011294336.1	PMN2A_RS01920	PMN2A_1702
cds-WP_011294337.1	PMN2A_RS01925	PMN2A_1703
cds-WP_011294338.1	PMN2A_RS01930	PMN2A_1704
cds-WP_011294339.1	PMN2A_RS01960	PMN2A_1705
cds-WP_011294340.1	PMN2A_RS01965	PMN2A_1706
cds-WP_011294341.1	PMN2A_RS01970	PMN2A_1707
cds-WP_011294342.1	PMN2A_RS01975	PMN2A_1708
cds-WP_011294343.1	PMN2A_RS01980	PMN2A_1709
cds-WP_011294344.1	PMN2A_RS01985	PMN2A_1710
cds-WP_011294345.1	PMN2A_RS01990	PMN2A_1711
cds-WP_011294346.1	PMN2A_RS02005	PMN2A_1712
cds-WP_011294347.1	PMN2A_RS02010	PMN2A_1713
cds-WP_011294348.1	PMN2A_RS02015	PMN2A_1714
cds-WP_011294349.1-2	PMN2A_RS05575	PMN2A_0509
cds-WP_011294349.1-3	PMN2A_RS05855	PMN2A_0553
cds-WP_011294349.1-4	PMN2A_RS05995	PMN2A_0578
cds-WP_011294349.1	PMN2A_RS02020	PMN2A_1715
cds-WP_011294350.1	PMN2A_RS02030	PMN2A_1716
cds-WP_011294351.1-2	PMN2A_RS06140	PMN2A_0602
cds-WP_011294351.1	PMN2A_RS02040	PMN2A_1718
cds-WP_011294352.1	PMN2A_RS02045	PMN2A_1719
cds-WP_011294353.1	PMN2A_RS02050	PMN2A_1720
cds-WP_011294354.1	PMN2A_RS02065	PMN2A_1721
cds-WP_011294355.1	PMN2A_RS02070	PMN2A_1722
cds-WP_011294356.1	PMN2A_RS02075	PMN2A_1723
cds-WP_011294357.1	PMN2A_RS02080	PMN2A_1724
cds-WP_011294358.1	PMN2A_RS02085	PMN2A_1725
cds-WP_011294359.1	PMN2A_RS02090	PMN2A_1726
cds-WP_011294360.1	PMN2A_RS02095	PMN2A_1727
cds-WP_011294361.1	PMN2A_RS02100	PMN2A_1728
cds-WP_011294362.1	PMN2A_RS02105	PMN2A_1729
cds-WP_011294363.1	PMN2A_RS02110	PMN2A_1730
cds-WP_011294364.1	PMN2A_RS02115	PMN2A_1731
cds-WP_011294365.1	PMN2A_RS02120	PMN2A_1732
cds-WP_011294366.1	PMN2A_RS02125	PMN2A_1733
cds-WP_011294367.1	PMN2A_RS02130	PMN2A_1734
cds-WP_011294368.1	PMN2A_RS02135	PMN2A_1735
cds-WP_011294369.1	PMN2A_RS02140	PMN2A_1736
cds-WP_011294370.1	PMN2A_RS02145	PMN2A_1737
cds-WP_011294371.1	PMN2A_RS02150	PMN2A_1738
cds-WP_011294372.1	PMN2A_RS02155	PMN2A_1739
cds-WP_011294373.1	PMN2A_RS02160	PMN2A_1740
cds-WP_011294374.1	PMN2A_RS02165	PMN2A_1741
cds-WP_011294375.1	PMN2A_RS02170	PMN2A_1742
cds-WP_011294376.1	PMN2A_RS02175	PMN2A_1743
cds-WP_011294377.1	PMN2A_RS02180	PMN2A_1744
cds-WP_011294378.1	PMN2A_RS02185	PMN2A_1745
cds-WP_011294379.1	PMN2A_RS02190	PMN2A_1746
cds-WP_011294380.1	PMN2A_RS02195	PMN2A_1747
cds-WP_011294381.1	PMN2A_RS02200	PMN2A_1748
cds-WP_011294382.1	PMN2A_RS02205	PMN2A_1749
cds-WP_011294383.1	PMN2A_RS02210	PMN2A_1750
cds-WP_011294384.1	PMN2A_RS02215	PMN2A_1751
cds-WP_011294385.1	PMN2A_RS02220	PMN2A_1752
cds-WP_011294387.1	PMN2A_RS02230	PMN2A_1754
cds-WP_011294388.1	PMN2A_RS02240	PMN2A_1755
cds-WP_011294389.1	PMN2A_RS02245	PMN2A_1756
cds-WP_011294390.1	PMN2A_RS02250	PMN2A_1757
cds-WP_011294391.1	PMN2A_RS02255	PMN2A_1758
cds-WP_011294392.1	PMN2A_RS02260	PMN2A_1759
cds-WP_011294393.1	PMN2A_RS02265	PMN2A_1760
cds-WP_011294394.1	PMN2A_RS02270	PMN2A_1761
cds-WP_011294395.1	PMN2A_RS02275	PMN2A_1762
cds-WP_011294396.1	PMN2A_RS02280	PMN2A_1763
cds-WP_011294397.1	PMN2A_RS02285	PMN2A_1764
cds-WP_011294398.1	PMN2A_RS02290	PMN2A_1765
cds-WP_011294399.1	PMN2A_RS02295	PMN2A_1766
cds-WP_011294400.1	PMN2A_RS02300	PMN2A_1767
cds-WP_011294401.1	PMN2A_RS02305	PMN2A_1768
cds-WP_011294402.1	PMN2A_RS02310	PMN2A_1769
cds-WP_011294403.1	PMN2A_RS02315	PMN2A_1770
cds-WP_011294404.1	PMN2A_RS02320	PMN2A_1771
cds-WP_011294405.1	PMN2A_RS02325	PMN2A_1772
cds-WP_011294406.1	PMN2A_RS02330	PMN2A_1773
cds-WP_011294407.1	PMN2A_RS02335	PMN2A_1774
cds-WP_011294408.1	PMN2A_RS02340	PMN2A_1775
cds-WP_011294409.1	PMN2A_RS02345	PMN2A_1776
cds-WP_011294410.1	PMN2A_RS02350	PMN2A_1777
cds-WP_011294411.1	PMN2A_RS02355	PMN2A_1778
cds-WP_011294412.1	PMN2A_RS02360	PMN2A_1779
cds-WP_011294413.1	PMN2A_RS02365	PMN2A_1780
cds-WP_011294414.1	PMN2A_RS02370	PMN2A_1781
cds-WP_011294415.1	PMN2A_RS02375	PMN2A_1782
cds-WP_011294416.1	PMN2A_RS02380	PMN2A_1783
cds-WP_011294418.1	PMN2A_RS02385	PMN2A_1785
cds-WP_011294419.1	PMN2A_RS02390	PMN2A_1786
cds-WP_011294420.1	PMN2A_RS02395	PMN2A_1787
cds-WP_011294421.1	PMN2A_RS02400	PMN2A_1788
cds-WP_011294422.1	PMN2A_RS02405	PMN2A_1789
cds-WP_011294423.1	PMN2A_RS02410	PMN2A_1790
cds-WP_011294424.1	PMN2A_RS02415	PMN2A_1791
cds-WP_011294425.1	PMN2A_RS02420	PMN2A_1792
cds-WP_011294426.1	PMN2A_RS02425	PMN2A_1793
cds-WP_011294427.1	PMN2A_RS02430	PMN2A_1794
cds-WP_011294428.1	PMN2A_RS02435	PMN2A_1795
cds-WP_011294429.1	PMN2A_RS02440	PMN2A_1796
cds-WP_011294430.1	PMN2A_RS02445	PMN2A_1797
cds-WP_011294431.1	PMN2A_RS02450	PMN2A_1798
cds-WP_011294432.1	PMN2A_RS02455	PMN2A_1799
cds-WP_011294433.1	PMN2A_RS10055	PMN2A_1800
cds-WP_011294434.1	PMN2A_RS02460	PMN2A_1801
cds-WP_011294435.1	PMN2A_RS02465	PMN2A_1802
cds-WP_011294436.1	PMN2A_RS02470	PMN2A_1803
cds-WP_011294437.1	PMN2A_RS02475	PMN2A_1804
cds-WP_011294438.1	PMN2A_RS02480	PMN2A_1805
cds-WP_011294439.1	PMN2A_RS02485	PMN2A_1806
cds-WP_011294440.1	PMN2A_RS02505	PMN2A_1808
cds-WP_011294441.1	PMN2A_RS02510	PMN2A_1809
cds-WP_011294442.1	PMN2A_RS02515	PMN2A_1810
cds-WP_011294443.1	PMN2A_RS02520	PMN2A_1811
cds-WP_011294444.1	PMN2A_RS02525	PMN2A_1812
cds-WP_011294445.1	PMN2A_RS02530	PMN2A_1813
cds-WP_011294446.1	PMN2A_RS02535	PMN2A_1814
cds-WP_011294447.1	PMN2A_RS02540	PMN2A_1815
cds-WP_011294449.1	PMN2A_RS02550	PMN2A_1817
cds-WP_011294450.1	PMN2A_RS02555	PMN2A_1818
cds-WP_011294451.1	PMN2A_RS02560	PMN2A_1819
cds-WP_011294452.1	PMN2A_RS02565	PMN2A_1820
cds-WP_011294453.1	PMN2A_RS02570	PMN2A_1821
cds-WP_011294454.1	PMN2A_RS02575	PMN2A_1822
cds-WP_011294455.1	PMN2A_RS02580	PMN2A_1823
cds-WP_011294456.1	PMN2A_RS02585	PMN2A_1824
cds-WP_011294457.1	PMN2A_RS02590	PMN2A_1825
cds-WP_011294458.1	PMN2A_RS02595	PMN2A_1826
cds-WP_011294459.1	PMN2A_RS02600	PMN2A_1827
cds-WP_011294460.1	PMN2A_RS02605	PMN2A_1828
cds-WP_011294461.1	PMN2A_RS02610	PMN2A_1829
cds-WP_011294462.1	PMN2A_RS02615	PMN2A_1830
cds-WP_011294463.1	PMN2A_RS02620	PMN2A_1831
cds-WP_011294464.1	PMN2A_RS02625	PMN2A_1832
cds-WP_011294465.1	PMN2A_RS02630	PMN2A_1833
cds-WP_011294466.1	PMN2A_RS02635	PMN2A_1834
cds-WP_011294467.1	PMN2A_RS02640	PMN2A_1835
cds-WP_011294468.1	PMN2A_RS02645	PMN2A_1836
cds-WP_011294469.1	PMN2A_RS02650	PMN2A_1837
cds-WP_011294470.1	PMN2A_RS02655	PMN2A_1838
cds-WP_011294471.1	PMN2A_RS02660	PMN2A_1839
cds-WP_011294472.1	PMN2A_RS02665	PMN2A_1840
cds-WP_011294473.1	PMN2A_RS02670	PMN2A_1841
cds-WP_011294474.1	PMN2A_RS02675	PMN2A_1842
cds-WP_011294475.1	PMN2A_RS02680	PMN2A_1843
cds-WP_011294476.1	PMN2A_RS02685	PMN2A_1844
cds-WP_011294477.1	PMN2A_RS02690	PMN2A_1845
cds-WP_011294478.1	PMN2A_RS02695	PMN2A_1846
cds-WP_011294479.1	PMN2A_RS02700	PMN2A_1847
cds-WP_011294480.1	PMN2A_RS02705	PMN2A_1848
cds-WP_011294481.1	PMN2A_RS02710	PMN2A_1849
cds-WP_011294482.1	PMN2A_RS02715	PMN2A_1850
cds-WP_011294483.1	PMN2A_RS02720	PMN2A_1851
cds-WP_011294484.1	PMN2A_RS02725	PMN2A_1852
cds-WP_011294485.1	PMN2A_RS02730	PMN2A_1853
cds-WP_011294486.1	PMN2A_RS02735	PMN2A_1854
cds-WP_011294487.1	PMN2A_RS02740	PMN2A_1855
cds-WP_011294488.1	PMN2A_RS02745	PMN2A_1856
cds-WP_011294489.1	PMN2A_RS02750	PMN2A_1857
cds-WP_011294490.1	PMN2A_RS02755	PMN2A_1858
cds-WP_011294491.1	PMN2A_RS02760	PMN2A_1859
cds-WP_011294492.1	PMN2A_RS02765	PMN2A_1860
cds-WP_011294493.1	PMN2A_RS02770	PMN2A_1861
cds-WP_011294494.1	PMN2A_RS02775	PMN2A_1862
cds-WP_011294495.1	PMN2A_RS02780	PMN2A_1863
cds-WP_011294496.1	PMN2A_RS02785	PMN2A_1864
cds-WP_011294497.1	PMN2A_RS02790	PMN2A_1865
cds-WP_011294498.1	PMN2A_RS02795	PMN2A_1866
cds-WP_011294499.1	PMN2A_RS02800	PMN2A_1867
cds-WP_011294501.1	PMN2A_RS02810	PMN2A_1869
cds-WP_011294502.1	PMN2A_RS02815	PMN2A_1870
cds-WP_011294503.1	PMN2A_RS02820	PMN2A_1871
cds-WP_011294504.1	PMN2A_RS02825	PMN2A_1872
cds-WP_011294505.1	PMN2A_RS02830	PMN2A_1873
cds-WP_011294506.1	PMN2A_RS02835	PMN2A_1874
cds-WP_011294507.1	PMN2A_RS02840	PMN2A_1875
cds-WP_011294508.1	PMN2A_RS02845	PMN2A_1876
cds-WP_011294509.1	PMN2A_RS02850	PMN2A_1877
cds-WP_011294510.1	PMN2A_RS02860	PMN2A_1879
cds-WP_011294511.1	PMN2A_RS02865	PMN2A_1880
cds-WP_011294512.1	PMN2A_RS02870	PMN2A_1881
cds-WP_011294513.1	PMN2A_RS02875	PMN2A_1882
cds-WP_011294514.1	PMN2A_RS02880	PMN2A_1883
cds-WP_011294515.1	PMN2A_RS02885	PMN2A_1884
cds-WP_011294516.1	PMN2A_RS02890	PMN2A_1885
cds-WP_011294517.1	PMN2A_RS02895	PMN2A_1886
cds-WP_011294518.1	PMN2A_RS02900	PMN2A_1887
cds-WP_011294519.1	PMN2A_RS02905	PMN2A_1888
cds-WP_011294521.1	PMN2A_RS02915	PMN2A_1890
cds-WP_011294522.1	PMN2A_RS02920	PMN2A_1891
cds-WP_011294523.1	PMN2A_RS02925	PMN2A_1892
cds-WP_011294524.1	PMN2A_RS02930	PMN2A_1893
cds-WP_011294525.1	PMN2A_RS02935	PMN2A_1894
cds-WP_011294526.1	PMN2A_RS05145	PMN2A_0427
cds-WP_011294527.1	PMN2A_RS05150	PMN2A_0428
cds-WP_011294528.1	PMN2A_RS05155	PMN2A_0429
cds-WP_011294530.1	PMN2A_RS05160	PMN2A_0431
cds-WP_011294531.1	PMN2A_RS05165	PMN2A_0432
cds-WP_011294533.1	PMN2A_RS05175	PMN2A_0434
cds-WP_011294534.1	PMN2A_RS05190	PMN2A_0435
cds-WP_011294535.1	PMN2A_RS05195	PMN2A_0436
cds-WP_011294536.1	PMN2A_RS05200	PMN2A_0437
cds-WP_011294537.1	PMN2A_RS05205	PMN2A_0438
cds-WP_011294538.1	PMN2A_RS05210	PMN2A_0439
cds-WP_011294539.1	PMN2A_RS05215	PMN2A_0440
cds-WP_011294540.1	PMN2A_RS05220	PMN2A_0441
cds-WP_011294541.1	PMN2A_RS05230	PMN2A_0442
cds-WP_011294542.1	PMN2A_RS05235	PMN2A_0443
cds-WP_011294543.1	PMN2A_RS05240	PMN2A_0444
cds-WP_011294544.1	PMN2A_RS05245	PMN2A_0445
cds-WP_011294545.1	PMN2A_RS05250	PMN2A_0446
cds-WP_011294546.1	PMN2A_RS05255	PMN2A_0447
cds-WP_011294548.1	PMN2A_RS05265	PMN2A_0449
cds-WP_011294549.1	PMN2A_RS05270	PMN2A_0450
cds-WP_011294551.1	PMN2A_RS05280	PMN2A_0452
cds-WP_011294554.1	PMN2A_RS05305	PMN2A_0456
cds-WP_011294555.1	PMN2A_RS05310	PMN2A_0457
cds-WP_011294557.1	PMN2A_RS05315	PMN2A_0459
cds-WP_011294558.1	PMN2A_RS05320	PMN2A_0460
cds-WP_011294559.1	PMN2A_RS05325	PMN2A_0461
cds-WP_011294560.1	PMN2A_RS05330	PMN2A_0462
cds-WP_011294561.1	PMN2A_RS05335	PMN2A_0463
cds-WP_011294562.1	PMN2A_RS05340	PMN2A_0464
cds-WP_011294563.1	PMN2A_RS05345	PMN2A_0465
cds-WP_011294564.1	PMN2A_RS05350	PMN2A_0466
cds-WP_011294565.1	PMN2A_RS05355	PMN2A_0467
cds-WP_011294566.1	PMN2A_RS05365	PMN2A_0468
cds-WP_011294567.1	PMN2A_RS05370	PMN2A_0469
cds-WP_011294568.1	PMN2A_RS05375	PMN2A_0470
cds-WP_011294569.1	PMN2A_RS10095	PMN2A_0471
cds-WP_011294570.1	PMN2A_RS05385	PMN2A_0472
cds-WP_011294571.1	PMN2A_RS05390	PMN2A_0473
cds-WP_011294573.1	PMN2A_RS05395	PMN2A_0475
cds-WP_011294574.1	PMN2A_RS05400	PMN2A_0476
cds-WP_011294575.1	PMN2A_RS05405	PMN2A_0477
cds-WP_011294576.1	PMN2A_RS05415	PMN2A_0478
cds-WP_011294577.1	PMN2A_RS05420	PMN2A_0479
cds-WP_011294578.1	PMN2A_RS05425	PMN2A_0480
cds-WP_011294579.1	PMN2A_RS05430	PMN2A_0481
cds-WP_011294580.1	PMN2A_RS05435	PMN2A_0482
cds-WP_011294581.1	PMN2A_RS05440	PMN2A_0483
cds-WP_011294582.1	PMN2A_RS05450	PMN2A_0484
cds-WP_011294583.1	PMN2A_RS05455	PMN2A_0485
cds-WP_011294584.1	PMN2A_RS05460	PMN2A_0486
cds-WP_011294585.1	PMN2A_RS05465	PMN2A_0487
cds-WP_011294586.1	PMN2A_RS05470	PMN2A_0488
cds-WP_011294587.1	PMN2A_RS05475	PMN2A_0489
cds-WP_011294588.1	PMN2A_RS05480	PMN2A_0490
cds-WP_011294589.1	PMN2A_RS05485	PMN2A_0491
cds-WP_011294590.1	PMN2A_RS05490	PMN2A_0492
cds-WP_011294591.1	PMN2A_RS05495	PMN2A_0493
cds-WP_011294593.1	PMN2A_RS05505	PMN2A_0495
cds-WP_011294594.1	PMN2A_RS05515	PMN2A_0496
cds-WP_011294595.1	PMN2A_RS05520	PMN2A_0497
cds-WP_011294596.1	PMN2A_RS05525	PMN2A_0498
cds-WP_011294597.1	PMN2A_RS05530	PMN2A_0499
cds-WP_011294598.1	PMN2A_RS10100	PMN2A_0500
cds-WP_011294599.1	PMN2A_RS10105	PMN2A_0501
cds-WP_011294600.1	PMN2A_RS05535	PMN2A_0502
cds-WP_011294601.1	PMN2A_RS05540	PMN2A_0503
cds-WP_011294602.1	PMN2A_RS05545	PMN2A_0504
cds-WP_011294603.1	PMN2A_RS05555	PMN2A_0505
cds-WP_011294605.1-2	PMN2A_RS05840	PMN2A_0551
cds-WP_011294605.1	PMN2A_RS05560	PMN2A_0507
cds-WP_011294606.1	PMN2A_RS05565	PMN2A_0508
cds-WP_011294607.1	PMN2A_RS05580	PMN2A_0510
cds-WP_011294608.1	PMN2A_RS05585	PMN2A_0511
cds-WP_011294609.1	PMN2A_RS05590	PMN2A_0512
cds-WP_011294610.1	PMN2A_RS05595	PMN2A_0513
cds-WP_011294612.1	PMN2A_RS05605	PMN2A_0515
cds-WP_011294613.1	PMN2A_RS05610	PMN2A_0516
cds-WP_011294614.1	PMN2A_RS05630	PMN2A_0517
cds-WP_011294615.1	PMN2A_RS05635	PMN2A_0518
cds-WP_011294616.1	PMN2A_RS05640	PMN2A_0519
cds-WP_011294617.1	PMN2A_RS05645	PMN2A_0520
cds-WP_011294618.1	PMN2A_RS05655	PMN2A_0521
cds-WP_011294619.1	PMN2A_RS05660	PMN2A_0522
cds-WP_011294620.1	PMN2A_RS05665	PMN2A_0523
cds-WP_011294621.1	PMN2A_RS05670	PMN2A_0524
cds-WP_011294623.1	PMN2A_RS05675	PMN2A_0526
cds-WP_011294624.1	PMN2A_RS05680	PMN2A_0527
cds-WP_011294625.1	PMN2A_RS05685	PMN2A_0528
cds-WP_011294626.1	PMN2A_RS05690	PMN2A_0529
cds-WP_011294627.1	PMN2A_RS05695	PMN2A_0530
cds-WP_011294628.1	PMN2A_RS05700	PMN2A_0531
cds-WP_011294629.1	PMN2A_RS05705	PMN2A_0532
cds-WP_011294630.1	PMN2A_RS05710	PMN2A_0533
cds-WP_011294633.1	PMN2A_RS05735	PMN2A_0536
cds-WP_011294634.1	PMN2A_RS05745	PMN2A_0537
cds-WP_011294635.1	PMN2A_RS05750	PMN2A_0538
cds-WP_011294636.1	PMN2A_RS05755	PMN2A_0539
cds-WP_011294637.1	PMN2A_RS05775	PMN2A_0540
cds-WP_011294638.1	PMN2A_RS05785	PMN2A_0541
cds-WP_011294639.1	PMN2A_RS05790	PMN2A_0542
cds-WP_011294640.1	PMN2A_RS05795	PMN2A_0543
cds-WP_011294641.1	PMN2A_RS05800	PMN2A_0544
cds-WP_011294642.1	PMN2A_RS05805	PMN2A_0545
cds-WP_011294643.1	PMN2A_RS10120	PMN2A_0546
cds-WP_011294644.1	PMN2A_RS05815	PMN2A_0547
cds-WP_011294646.1	PMN2A_RS05825	PMN2A_0549
cds-WP_011294647.1	PMN2A_RS05835	PMN2A_0550
cds-WP_011294648.1-2	PMN2A_RS05985	PMN2A_0577
cds-WP_011294648.1	PMN2A_RS05845	PMN2A_0552
cds-WP_011294649.1	PMN2A_RS10220	PMN2A_0554
cds-WP_011294651.1	PMN2A_RS05870	PMN2A_0556
cds-WP_011294652.1	PMN2A_RS05875	PMN2A_0557
cds-WP_011294653.1	PMN2A_RS05885	PMN2A_0559
cds-WP_011294654.1	PMN2A_RS05890	PMN2A_0560
cds-WP_011294657.1	PMN2A_RS05900	PMN2A_0563
cds-WP_011294659.1	PMN2A_RS05910	PMN2A_0565
cds-WP_011294660.1	PMN2A_RS05915	PMN2A_0566
cds-WP_011294661.1	PMN2A_RS05920	PMN2A_0567
cds-WP_011294662.1	PMN2A_RS05925	PMN2A_0568
cds-WP_011294663.1	PMN2A_RS05930	PMN2A_0569
cds-WP_011294665.1	PMN2A_RS05935	PMN2A_0571
cds-WP_011294666.1	PMN2A_RS05945	PMN2A_0572
cds-WP_011294669.1	PMN2A_RS05970	PMN2A_0575
cds-WP_011294670.1	PMN2A_RS06000	PMN2A_0579
cds-WP_011294672.1	PMN2A_RS06010	PMN2A_0581
cds-WP_011294673.1	PMN2A_RS06015	PMN2A_0582
cds-WP_011294675.1	PMN2A_RS06035	PMN2A_0584
cds-WP_011294676.1	PMN2A_RS06045	PMN2A_0585
cds-WP_011294679.1	PMN2A_RS06055	PMN2A_0588
cds-WP_011294680.1	PMN2A_RS06060	PMN2A_0589
cds-WP_011294682.1	PMN2A_RS06070	PMN2A_0591
cds-WP_011294683.1	PMN2A_RS06075	PMN2A_0592
cds-WP_011294684.1	PMN2A_RS06085	PMN2A_0593
cds-WP_011294685.1	PMN2A_RS06090	PMN2A_0594
cds-WP_011294686.1	PMN2A_RS06100	PMN2A_0595
cds-WP_011294688.1	PMN2A_RS06110	PMN2A_0597
cds-WP_011294689.1	PMN2A_RS06115	PMN2A_0598
cds-WP_011294690.1	PMN2A_RS06120	PMN2A_0599
cds-WP_011294691.1	PMN2A_RS06125	PMN2A_0600
cds-WP_011294692.1	PMN2A_RS06135	PMN2A_0601
cds-WP_011294694.1	PMN2A_RS06160	PMN2A_0605
cds-WP_011294695.1	PMN2A_RS06165	PMN2A_0606
cds-WP_011294696.1	PMN2A_RS06175	PMN2A_0607
cds-WP_011294699.1	PMN2A_RS06185	PMN2A_0610
cds-WP_011294700.1	PMN2A_RS06190	PMN2A_0611
cds-WP_011294701.1	PMN2A_RS06195	PMN2A_0612
cds-WP_011294702.1	PMN2A_RS06200	PMN2A_0613
cds-WP_011294703.1	PMN2A_RS06205	PMN2A_0614
cds-WP_011294704.1	PMN2A_RS06210	PMN2A_0615
cds-WP_011294705.1	PMN2A_RS06215	PMN2A_0616
cds-WP_011294706.1	PMN2A_RS06220	PMN2A_0617
cds-WP_011294707.1	PMN2A_RS06230	PMN2A_0618
cds-WP_011294709.1	PMN2A_RS06235	PMN2A_0620
cds-WP_011294710.1	PMN2A_RS06245	PMN2A_0621
cds-WP_011294712.1	PMN2A_RS06265	PMN2A_0623
cds-WP_011294713.1	PMN2A_RS06270	PMN2A_0624
cds-WP_011294714.1	PMN2A_RS06280	PMN2A_0625
cds-WP_011294716.1	PMN2A_RS06290	PMN2A_0627
cds-WP_011294717.1	PMN2A_RS06300	PMN2A_0628
cds-WP_011294718.1	PMN2A_RS06305	PMN2A_0629
cds-WP_011294721.1	PMN2A_RS06320	PMN2A_0632
cds-WP_011294722.1	PMN2A_RS06325	PMN2A_0633
cds-WP_011294723.1	PMN2A_RS06330	PMN2A_0634
cds-WP_011294724.1	PMN2A_RS06340	PMN2A_0635
cds-WP_011294725.1	PMN2A_RS06345	PMN2A_0636
cds-WP_011294727.1	PMN2A_RS06355	PMN2A_0638
cds-WP_011294728.1	PMN2A_RS06360	PMN2A_0639
cds-WP_011294729.1	PMN2A_RS06365	PMN2A_0640
cds-WP_011294730.1	PMN2A_RS06370	PMN2A_0641
cds-WP_011294731.1	PMN2A_RS06375	PMN2A_0642
cds-WP_011294732.1	PMN2A_RS06380	PMN2A_0643
cds-WP_011294733.1	PMN2A_RS06385	PMN2A_0644
cds-WP_011294734.1	PMN2A_RS06390	PMN2A_0645
cds-WP_011294735.1	PMN2A_RS06395	PMN2A_0646
cds-WP_011294736.1	PMN2A_RS06400	PMN2A_0647
cds-WP_011294737.1	PMN2A_RS06405	PMN2A_0648
cds-WP_011294738.1	PMN2A_RS06410	PMN2A_0649
cds-WP_011294739.1	PMN2A_RS06415	PMN2A_0650
cds-WP_011294741.1	PMN2A_RS06425	PMN2A_0652
cds-WP_011294742.1	PMN2A_RS06430	PMN2A_0653
cds-WP_011294743.1	PMN2A_RS06435	PMN2A_0654
cds-WP_011294744.1	PMN2A_RS06440	PMN2A_0655
cds-WP_011294745.1	PMN2A_RS06445	PMN2A_0656
cds-WP_011294746.1	PMN2A_RS06450	PMN2A_0657
cds-WP_011294747.1	PMN2A_RS06455	PMN2A_0658
cds-WP_011294748.1	PMN2A_RS06460	PMN2A_0659
cds-WP_011294749.1	PMN2A_RS06465	PMN2A_0660
cds-WP_011294750.1	PMN2A_RS06470	PMN2A_0661
cds-WP_011294751.1	PMN2A_RS06475	PMN2A_0662
cds-WP_011294752.1	PMN2A_RS06480	PMN2A_0663
cds-WP_011294753.1	PMN2A_RS06485	PMN2A_0664
cds-WP_011294754.1	PMN2A_RS06490	PMN2A_0665
cds-WP_011294755.1	PMN2A_RS06495	PMN2A_0666
cds-WP_011294756.1	PMN2A_RS06500	PMN2A_0667
cds-WP_011294757.1	PMN2A_RS06505	PMN2A_0668
cds-WP_011294758.1	PMN2A_RS06510	PMN2A_0669
cds-WP_011294759.1	PMN2A_RS06515	PMN2A_0670
cds-WP_011294760.1	PMN2A_RS06520	PMN2A_0671
cds-WP_011294761.1	PMN2A_RS06525	PMN2A_0672
cds-WP_011294762.1	PMN2A_RS06530	PMN2A_0673
cds-WP_011294763.1	PMN2A_RS06535	PMN2A_0674
cds-WP_011294764.1	PMN2A_RS06545	PMN2A_0675
cds-WP_011294765.1	PMN2A_RS06550	PMN2A_0676
cds-WP_011294766.1	PMN2A_RS06555	PMN2A_0677
cds-WP_011294767.1	PMN2A_RS06560	PMN2A_0678
cds-WP_011294768.1	PMN2A_RS06565	PMN2A_0679
cds-WP_011294769.1	PMN2A_RS06570	PMN2A_0680
cds-WP_011294770.1	PMN2A_RS06575	PMN2A_0681
cds-WP_011294771.1	PMN2A_RS06580	PMN2A_0682
cds-WP_011294772.1	PMN2A_RS06585	PMN2A_0683
cds-WP_011294773.1	PMN2A_RS06590	PMN2A_0684
cds-WP_011294774.1	PMN2A_RS06595	PMN2A_0685
cds-WP_011294775.1	PMN2A_RS06600	PMN2A_0686
cds-WP_011294776.1	PMN2A_RS06605	PMN2A_0687
cds-WP_011294778.1	PMN2A_RS06615	PMN2A_0689
cds-WP_011294779.1	PMN2A_RS06620	PMN2A_0690
cds-WP_011294780.1	PMN2A_RS06625	PMN2A_0691
cds-WP_011294781.1	PMN2A_RS06630	PMN2A_0692
cds-WP_011294782.1	PMN2A_RS06635	PMN2A_0693
cds-WP_011294783.1	PMN2A_RS10145	PMN2A_0694
cds-WP_011294784.1	PMN2A_RS06640	PMN2A_0695
cds-WP_011294785.1	PMN2A_RS06645	PMN2A_0696
cds-WP_011294786.1	PMN2A_RS06650	PMN2A_0697
cds-WP_011294787.1	PMN2A_RS06655	PMN2A_0698
cds-WP_011294788.1	PMN2A_RS06660	PMN2A_0699
cds-WP_011294789.1	PMN2A_RS06665	PMN2A_0700
cds-WP_011294790.1	PMN2A_RS06670	PMN2A_0701
cds-WP_011294791.1	PMN2A_RS06675	PMN2A_0702
cds-WP_011294792.1	PMN2A_RS06680	PMN2A_0703
cds-WP_011294793.1	PMN2A_RS06685	PMN2A_0704
cds-WP_011294794.1	PMN2A_RS06690	PMN2A_0705
cds-WP_011294796.1	PMN2A_RS06700	PMN2A_0707
cds-WP_011294797.1	PMN2A_RS06705	PMN2A_0708
cds-WP_011294798.1	PMN2A_RS06710	PMN2A_0709
cds-WP_011294799.1	PMN2A_RS06720	PMN2A_0710
cds-WP_011294800.1	PMN2A_RS06725	PMN2A_0711
cds-WP_011294801.1	PMN2A_RS06730	PMN2A_0712
cds-WP_011294802.1	PMN2A_RS06735	PMN2A_0713
cds-WP_011294803.1	PMN2A_RS06740	PMN2A_0714
cds-WP_011294804.1	PMN2A_RS06745	PMN2A_0715
cds-WP_011294805.1	PMN2A_RS06750	PMN2A_0716
cds-WP_011294806.1	PMN2A_RS06755	PMN2A_0717
cds-WP_011294807.1	PMN2A_RS06760	PMN2A_0718
cds-WP_011294808.1	PMN2A_RS06765	PMN2A_0719
cds-WP_011294809.1	PMN2A_RS06770	PMN2A_0720
cds-WP_011294810.1	PMN2A_RS06775	PMN2A_0721
cds-WP_011294811.1	PMN2A_RS06780	PMN2A_0722
cds-WP_011294812.1	PMN2A_RS06785	PMN2A_0723
cds-WP_011294814.1	PMN2A_RS10150	PMN2A_0725
cds-WP_011294815.1	PMN2A_RS06795	PMN2A_0726
cds-WP_011294816.1	PMN2A_RS06800	PMN2A_0727
cds-WP_011294817.1	PMN2A_RS06805	PMN2A_0728
cds-WP_011294818.1	PMN2A_RS06810	PMN2A_0729
cds-WP_011294819.1	PMN2A_RS06815	PMN2A_0730
cds-WP_011294820.1	PMN2A_RS06820	PMN2A_0731
cds-WP_011294821.1	PMN2A_RS06825	PMN2A_0732
cds-WP_011294822.1	PMN2A_RS06830	PMN2A_0733
cds-WP_011294823.1	PMN2A_RS09975	PMN2A_0734
cds-WP_011294824.1	PMN2A_RS06850	PMN2A_0736
cds-WP_011294825.1	PMN2A_RS06855	PMN2A_0737
cds-WP_011294826.1	PMN2A_RS06860	PMN2A_0738
cds-WP_011294828.1	PMN2A_RS09980	PMN2A_0740
cds-WP_011294829.1	PMN2A_RS09985	PMN2A_0741
cds-WP_011294830.1	PMN2A_RS06880	PMN2A_0742
cds-WP_011294832.1	PMN2A_RS09990	PMN2A_0744
cds-WP_011294833.1	PMN2A_RS06895	PMN2A_0745
cds-WP_011294834.1	PMN2A_RS06900	PMN2A_0746
cds-WP_011294835.1	PMN2A_RS06905	PMN2A_0747
cds-WP_011294836.1	PMN2A_RS06910	PMN2A_0748
cds-WP_011294837.1	PMN2A_RS06915	PMN2A_0749
cds-WP_011294838.1	PMN2A_RS06920	PMN2A_0750
cds-WP_011294839.1	PMN2A_RS06925	PMN2A_0751
cds-WP_011294841.1	PMN2A_RS06935	PMN2A_0753
cds-WP_011294842.1	PMN2A_RS06940	PMN2A_0754
cds-WP_011294843.1	PMN2A_RS06945	PMN2A_0755
cds-WP_011294844.1	PMN2A_RS06950	PMN2A_0756
cds-WP_011294845.1	PMN2A_RS06955	PMN2A_0757
cds-WP_011294846.1	PMN2A_RS06960	PMN2A_0758
cds-WP_011294847.1	PMN2A_RS06965	PMN2A_0759
cds-WP_011294848.1	PMN2A_RS06970	PMN2A_0760
cds-WP_011294849.1	PMN2A_RS06975	PMN2A_0761
cds-WP_011294850.1	PMN2A_RS06980	PMN2A_0762
cds-WP_011294851.1	PMN2A_RS06985	PMN2A_0763
cds-WP_011294852.1	PMN2A_RS06990	PMN2A_0764
cds-WP_011294853.1	PMN2A_RS06995	PMN2A_0765
cds-WP_011294854.1	PMN2A_RS07000	PMN2A_0766
cds-WP_011294855.1	PMN2A_RS07005	PMN2A_0767
cds-WP_011294856.1	PMN2A_RS07010	PMN2A_0768
cds-WP_011294857.1	PMN2A_RS07015	PMN2A_0769
cds-WP_011294858.1	PMN2A_RS07020	PMN2A_0770
cds-WP_011294859.1	PMN2A_RS07025	PMN2A_0771
cds-WP_011294860.1	PMN2A_RS07030	PMN2A_0772
cds-WP_011294861.1	PMN2A_RS07035	PMN2A_0773
cds-WP_011294862.1	PMN2A_RS07045	PMN2A_0774
cds-WP_011294863.1	PMN2A_RS07050	PMN2A_0775
cds-WP_011294864.1	PMN2A_RS07055	PMN2A_0776
cds-WP_011294865.1	PMN2A_RS07060	PMN2A_0777
cds-WP_011294866.1	PMN2A_RS07065	PMN2A_0778
cds-WP_011294867.1	PMN2A_RS07070	PMN2A_0779
cds-WP_011294868.1	PMN2A_RS07075	PMN2A_0780
cds-WP_011294869.1	PMN2A_RS07080	PMN2A_0781
cds-WP_011294870.1	PMN2A_RS07095	PMN2A_0782
cds-WP_011294871.1	PMN2A_RS07100	PMN2A_0783
cds-WP_011294872.1	PMN2A_RS07105	PMN2A_0784
cds-WP_011294873.1	PMN2A_RS07110	PMN2A_0785
cds-WP_011294874.1	PMN2A_RS07125	PMN2A_0786
cds-WP_011294875.1	PMN2A_RS07130	PMN2A_0787
cds-WP_011294876.1	PMN2A_RS07135	PMN2A_0788
cds-WP_011294877.1	PMN2A_RS07140	PMN2A_0789
cds-WP_011294878.1	PMN2A_RS07145	PMN2A_0790
cds-WP_011294879.1	PMN2A_RS07150	PMN2A_0791
cds-WP_011294880.1	PMN2A_RS07155	PMN2A_0792
cds-WP_011294881.1	PMN2A_RS07160	PMN2A_0793
cds-WP_011294882.1	PMN2A_RS07165	PMN2A_0794
cds-WP_011294883.1	PMN2A_RS07170	PMN2A_0795
cds-WP_011294884.1	PMN2A_RS07175	PMN2A_0796
cds-WP_011294885.1	PMN2A_RS07180	PMN2A_0797
cds-WP_011294886.1	PMN2A_RS07185	PMN2A_0798
cds-WP_011294887.1	PMN2A_RS07190	PMN2A_0799
cds-WP_011294888.1	PMN2A_RS07195	PMN2A_0800
cds-WP_011294889.1	PMN2A_RS07200	PMN2A_0801
cds-WP_011294890.1	PMN2A_RS10155	PMN2A_0802
cds-WP_011294891.1	PMN2A_RS07205	PMN2A_0803
cds-WP_011294892.1	PMN2A_RS07210	PMN2A_0804
cds-WP_011294893.1	PMN2A_RS07215	PMN2A_0805
cds-WP_011294894.1	PMN2A_RS07220	PMN2A_0806
cds-WP_011294895.1	PMN2A_RS07225	PMN2A_0807
cds-WP_011294896.1	PMN2A_RS07230	PMN2A_0808
cds-WP_011294897.1	PMN2A_RS07235	PMN2A_0809
cds-WP_011294898.1	PMN2A_RS07240	PMN2A_0810
cds-WP_011294899.1	PMN2A_RS07245	PMN2A_0811
cds-WP_011294900.1	PMN2A_RS07250	PMN2A_0812
cds-WP_011294901.1	PMN2A_RS07255	PMN2A_0813
cds-WP_011294902.1	PMN2A_RS07260	PMN2A_0814
cds-WP_011294903.1	PMN2A_RS07270	PMN2A_0815
cds-WP_011294904.1	PMN2A_RS07275	PMN2A_0816
cds-WP_011294905.1	PMN2A_RS07280	PMN2A_0817
cds-WP_011294906.1	PMN2A_RS07285	PMN2A_0818
cds-WP_011294908.1	PMN2A_RS07295	PMN2A_0820
cds-WP_011294910.1	PMN2A_RS07310	PMN2A_0822
cds-WP_011294911.1	PMN2A_RS07315	PMN2A_0823
cds-WP_011294912.1	PMN2A_RS07320	PMN2A_0824
cds-WP_011294913.1	PMN2A_RS07325	PMN2A_0825
cds-WP_011294915.1	PMN2A_RS07335	PMN2A_0827
cds-WP_011294916.1	PMN2A_RS07340	PMN2A_0828
cds-WP_011294917.1	PMN2A_RS07345	PMN2A_0829
cds-WP_011294918.1	PMN2A_RS07350	PMN2A_0830
cds-WP_011294919.1	PMN2A_RS07355	PMN2A_0831
cds-WP_011294921.1	PMN2A_RS07365	PMN2A_0833
cds-WP_011294922.1	PMN2A_RS07370	PMN2A_0834
cds-WP_011294923.1	PMN2A_RS07375	PMN2A_0835
cds-WP_011294924.1	PMN2A_RS07380	PMN2A_0836
cds-WP_011294925.1	PMN2A_RS07385	PMN2A_0837
cds-WP_011294926.1	PMN2A_RS07390	PMN2A_0838
cds-WP_011294927.1	PMN2A_RS07395	PMN2A_0839
cds-WP_011294928.1	PMN2A_RS07400	PMN2A_0840
cds-WP_011294929.1	PMN2A_RS07405	PMN2A_0841
cds-WP_011294930.1	PMN2A_RS07410	PMN2A_0842
cds-WP_011294933.1	PMN2A_RS07415	PMN2A_0845
cds-WP_011294934.1	PMN2A_RS07420	PMN2A_0846
cds-WP_011294935.1	PMN2A_RS10160	PMN2A_0847
cds-WP_011294936.1	PMN2A_RS07430	PMN2A_0848
cds-WP_011294937.1	PMN2A_RS07435	PMN2A_0849
cds-WP_011294938.1	PMN2A_RS07440	PMN2A_0850
cds-WP_011294939.1	PMN2A_RS07445	PMN2A_0851
cds-WP_011294940.1	PMN2A_RS07450	PMN2A_0852
cds-WP_011294941.1	PMN2A_RS07455	PMN2A_0853
cds-WP_011294942.1	PMN2A_RS07460	PMN2A_0854
cds-WP_011294944.1	PMN2A_RS07470	PMN2A_0856
cds-WP_011294946.1	PMN2A_RS07480	PMN2A_0858
cds-WP_011294947.1	PMN2A_RS07485	PMN2A_0859
cds-WP_011294950.1	PMN2A_RS07500	PMN2A_0862
cds-WP_011294951.1	PMN2A_RS07505	PMN2A_0863
cds-WP_011294952.1	PMN2A_RS07510	PMN2A_0864
cds-WP_011294953.1	PMN2A_RS07515	PMN2A_0865
cds-WP_011294954.1	PMN2A_RS07520	PMN2A_0866
cds-WP_011294955.1	PMN2A_RS07530	PMN2A_0867
cds-WP_011294957.1	PMN2A_RS07540	PMN2A_0869
cds-WP_011294958.1	PMN2A_RS07545	PMN2A_0870
cds-WP_011294959.1	PMN2A_RS07555	PMN2A_0871
cds-WP_011294960.1	PMN2A_RS07560	PMN2A_0872
cds-WP_011294961.1	PMN2A_RS07565	PMN2A_0873
cds-WP_011294967.1	PMN2A_RS06275	PMN2A_2119
cds-WP_011294968.1-2	PMN2A_RS05100	PMN2A_1983
cds-WP_011294968.1-3	PMN2A_RS05570	PMN2A_2022
cds-WP_011294968.1-4	PMN2A_RS05850	PMN2A_2061
cds-WP_011294968.1-5	PMN2A_RS05990	PMN2A_2077
cds-WP_011294968.1-6	PMN2A_RS07915	PMN2A_2155
cds-WP_011294968.1	PMN2A_RS02025	PMN2A_1925
cds-WP_011294977.1	PMN2A_RS04680	PMN2A_1959
cds-WP_011294985.1	PMN2A_RS06315	PMN2A_2121
cds-WP_011294986.1	PMN2A_RS05225	PMN2A_1997
cds-WP_011294991.1	PMN2A_RS04685	PMN2A_1960
cds-WP_011294995.1	PMN2A_RS04995	PMN2A_1976
cds-WP_011295001.1	PMN2A_RS05770	PMN2A_2046
cds-WP_011295008.1	PMN2A_RS06095	PMN2A_2096
cds-WP_011295014.1	PMN2A_RS05780	PMN2A_2047
cds-WP_011295015.1	PMN2A_RS05625	PMN2A_2028
cds-WP_011295020.1	PMN2A_RS01995	PMN2A_1922
cds-WP_011295030.1	PMN2A_RS06150	PMN2A_2108
cds-WP_011295033.1	PMN2A_RS06130	PMN2A_2106
cds-WP_011295036.1	PMN2A_RS05955	PMN2A_2072
cds-WP_011295037.1	PMN2A_RS07990	PMN2A_2162
cds-WP_011295043.1	PMN2A_RS06225	PMN2A_2114
cds-WP_011295044.1	PMN2A_RS05510	PMN2A_2017
cds-WP_011295045.1	PMN2A_RS05830	PMN2A_2060
cds-WP_011295047.1	PMN2A_RS09465	PMN2A_2183
cds-WP_011295049.1	PMN2A_RS05410	PMN2A_2011
cds-WP_011295052.1	PMN2A_RS05045	PMN2A_1980
cds-WP_011295053.1	PMN2A_RS06715	PMN2A_2128
cds-WP_011295054.1	PMN2A_RS07085	PMN2A_2135
cds-WP_011295057.1	PMN2A_RS00720	PMN2A_1908
cds-WP_011295061.1	PMN2A_RS03580	PMN2A_1946
cds-WP_011295062.1	PMN2A_RS08700	PMN2A_2177
cds-WP_011295066.1	PMN2A_RS00310	PMN2A_1897
cds-WP_011295070.1	PMN2A_RS05300	PMN2A_2004
cds-WP_011295071.1	PMN2A_RS07090	PMN2A_2136
cds-WP_011295074.1	PMN2A_RS08520	PMN2A_2171
cds-WP_011295077.1	PMN2A_RS10170	PMN2A_2154
cds-WP_011295078.1	PMN2A_RS05615	PMN2A_2026
cds-WP_011295095.1	PMN2A_RS05715	PMN2A_2038
cds-WP_011295102.1	PMN2A_RS05950	PMN2A_2071
cds-WP_011295106.1	PMN2A_RS05445	PMN2A_2013
cds-WP_011295109.1	PMN2A_RS05820	PMN2A_2058
cds-WP_011295110.1	PMN2A_RS10125	PMN2A_2055
cds-WP_011295111.1	PMN2A_RS05060	PMN2A_1981
cds-WP_011295117.1	PMN2A_RS08720	PMN2A_2178
cds-WP_011295118.1	PMN2A_RS05765	PMN2A_2045
cds-WP_011295120.1	PMN2A_RS05760	PMN2A_2044
cds-WP_011295122.1	PMN2A_RS05140	PMN2A_1989
cds-WP_011295124.1	PMN2A_RS06260	PMN2A_2117
cds-WP_011295131.1	PMN2A_RS05810	PMN2A_2054
cds-WP_011295134.1	PMN2A_RS04930	PMN2A_1971
cds-WP_011295135.1	PMN2A_RS05500	PMN2A_2016
cds-WP_011295136.1	PMN2A_RS06020	PMN2A_2082
cds-WP_011295140.1	PMN2A_RS07115	PMN2A_2137
cds-WP_011295141.1	PMN2A_RS08725	PMN2A_2179
cds-WP_011295153.1	PMN2A_RS05550	PMN2A_2021
cds-WP_011295157.1	PMN2A_RS00370	PMN2A_1903
cds-WP_011295161.1	PMN2A_RS04950	PMN2A_1975
cds-WP_011295163.1	PMN2A_RS09385	PMN2A_2181
cds-WP_011295167.1	PMN2A_RS05185	PMN2A_1996
cds-WP_011295172.1	PMN2A_RS06295	PMN2A_2120
cds-WP_011295174.1	PMN2A_RS04145	PMN2A_1950
cds-WP_011295175.1	PMN2A_RS05720	PMN2A_2039
cds-WP_011295176.1	PMN2A_RS05620	PMN2A_2027
cds-WP_011295182.1	PMN2A_RS04675	PMN2A_1958
cds-WP_011295183.1	PMN2A_RS04910	PMN2A_1968
cds-WP_011295194.1	PMN2A_RS05035	PMN2A_1978
cds-WP_011295200.1	PMN2A_RS04690	PMN2A_1961
cds-WP_011295203.1	PMN2A_RS09885	PMN2A_2188
cds-WP_011295206.1	PMN2A_RS07970	PMN2A_2160
cds-WP_011295215.1	PMN2A_RS08025	PMN2A_2164
cds-WP_011295223.1	PMN2A_RS07950	PMN2A_2157
cds-WP_011295224.1	PMN2A_RS07580	PMN2A_0876
cds-WP_011295225.1	PMN2A_RS07585	PMN2A_0877
cds-WP_011295226.1	PMN2A_RS07590	PMN2A_0878
cds-WP_011295227.1	PMN2A_RS07595	PMN2A_0879
cds-WP_011295228.1	PMN2A_RS07600	PMN2A_0880
cds-WP_011295229.1	PMN2A_RS07605	PMN2A_0881
cds-WP_011295231.1	PMN2A_RS07615	PMN2A_0883
cds-WP_011295232.1	PMN2A_RS07620	PMN2A_0884
cds-WP_011295233.1	PMN2A_RS07625	PMN2A_0885
cds-WP_011295234.1	PMN2A_RS07630	PMN2A_0886
cds-WP_011295235.1	PMN2A_RS07635	PMN2A_0887
cds-WP_011295236.1	PMN2A_RS07640	PMN2A_0888
cds-WP_011295238.1	PMN2A_RS07650	PMN2A_0890
cds-WP_011295239.1	PMN2A_RS07655	PMN2A_0891
cds-WP_011295240.1	PMN2A_RS07660	PMN2A_0892
cds-WP_011295241.1	PMN2A_RS07665	PMN2A_0893
cds-WP_011295242.1	PMN2A_RS07675	PMN2A_0894
cds-WP_011295243.1	PMN2A_RS07680	PMN2A_0895
cds-WP_011295244.1	PMN2A_RS07685	PMN2A_0896
cds-WP_011295245.1	PMN2A_RS07690	PMN2A_0897
cds-WP_011295246.1	PMN2A_RS07695	PMN2A_0898
cds-WP_011295247.1	PMN2A_RS07700	PMN2A_0899
cds-WP_011295248.1	PMN2A_RS07705	PMN2A_0900
cds-WP_011295249.1	PMN2A_RS07710	PMN2A_0901
cds-WP_011295250.1	PMN2A_RS07715	PMN2A_0902
cds-WP_011295251.1	PMN2A_RS07720	PMN2A_0903
cds-WP_011295252.1	PMN2A_RS07725	PMN2A_0904
cds-WP_011295253.1	PMN2A_RS07730	PMN2A_0905
cds-WP_011295254.1	PMN2A_RS07735	PMN2A_0906
cds-WP_011295256.1	PMN2A_RS07745	PMN2A_0908
cds-WP_011295257.1	PMN2A_RS07750	PMN2A_0909
cds-WP_011295258.1	PMN2A_RS07755	PMN2A_0910
cds-WP_011295259.1	PMN2A_RS07760	PMN2A_0911
cds-WP_011295260.1	PMN2A_RS07765	PMN2A_0912
cds-WP_011295261.1	PMN2A_RS07770	PMN2A_0913
cds-WP_011295262.1	PMN2A_RS07775	PMN2A_0914
cds-WP_011295263.1	PMN2A_RS07780	PMN2A_0915
cds-WP_011295264.1	PMN2A_RS07785	PMN2A_0916
cds-WP_011295265.1	PMN2A_RS07790	PMN2A_0917
cds-WP_011295266.1	PMN2A_RS07795	PMN2A_0918
cds-WP_011295267.1	PMN2A_RS07800	PMN2A_0919
cds-WP_011295268.1	PMN2A_RS07805	PMN2A_0920
cds-WP_011295269.1	PMN2A_RS07810	PMN2A_0921
cds-WP_011295270.1	PMN2A_RS07815	PMN2A_0922
cds-WP_011295271.1	PMN2A_RS07820	PMN2A_0923
cds-WP_011295272.1	PMN2A_RS07825	PMN2A_0924
cds-WP_011295273.1	PMN2A_RS07830	PMN2A_0925
cds-WP_011295274.1	PMN2A_RS07835	PMN2A_0926
cds-WP_011295275.1	PMN2A_RS07840	PMN2A_0927
cds-WP_011295276.1	PMN2A_RS07845	PMN2A_0928
cds-WP_011295277.1	PMN2A_RS07855	PMN2A_0929
cds-WP_011295278.1	PMN2A_RS07860	PMN2A_0930
cds-WP_011295279.1	PMN2A_RS07865	PMN2A_0931
cds-WP_011295280.1	PMN2A_RS07870	PMN2A_0932
cds-WP_011295281.1	PMN2A_RS07875	PMN2A_0933
cds-WP_011295282.1	PMN2A_RS07880	PMN2A_0934
cds-WP_011295283.1	PMN2A_RS07885	PMN2A_0935
cds-WP_011295284.1	PMN2A_RS07890	PMN2A_0936
cds-WP_011295285.1	PMN2A_RS07895	PMN2A_0937
cds-WP_011295286.1	PMN2A_RS07900	PMN2A_0938
cds-WP_011295288.1	PMN2A_RS07910	PMN2A_0940
cds-WP_011295289.1	PMN2A_RS07925	PMN2A_0942
cds-WP_011295290.1	PMN2A_RS07930	PMN2A_0943
cds-WP_011295291.1	PMN2A_RS07935	PMN2A_0944
cds-WP_011295292.1	PMN2A_RS07940	PMN2A_0945
cds-WP_011295293.1	PMN2A_RS07945	PMN2A_0946
cds-WP_011295294.1	PMN2A_RS07960	PMN2A_0947
cds-WP_011295297.1	PMN2A_RS07975	PMN2A_0950
cds-WP_011295298.1	PMN2A_RS07980	PMN2A_0951
cds-WP_011295300.1	PMN2A_RS08000	PMN2A_0953
cds-WP_011295301.1	PMN2A_RS08005	PMN2A_0954
cds-WP_011295302.1	PMN2A_RS08010	PMN2A_0955
cds-WP_011295303.1	PMN2A_RS08015	PMN2A_0956
cds-WP_011295304.1	PMN2A_RS08020	PMN2A_0957
cds-WP_011295305.1	PMN2A_RS08030	PMN2A_0958
cds-WP_011295306.1	PMN2A_RS08035	PMN2A_0959
cds-WP_011295307.1	PMN2A_RS08040	PMN2A_0960
cds-WP_011295308.1	PMN2A_RS08045	PMN2A_0961
cds-WP_011295309.1	PMN2A_RS08050	PMN2A_0962
cds-WP_011295310.1	PMN2A_RS08055	PMN2A_0963
cds-WP_011295311.1	PMN2A_RS08060	PMN2A_0964
cds-WP_011295312.1	PMN2A_RS08065	PMN2A_0966
cds-WP_011295313.1	PMN2A_RS08070	PMN2A_0967
cds-WP_011295314.1	PMN2A_RS08075	PMN2A_0968
cds-WP_011295315.1	PMN2A_RS08080	PMN2A_0969
cds-WP_011295316.1	PMN2A_RS08085	PMN2A_0970
cds-WP_011295317.1	PMN2A_RS08090	PMN2A_0971
cds-WP_011295318.1	PMN2A_RS08095	PMN2A_0972
cds-WP_011295319.1	PMN2A_RS08100	PMN2A_0973
cds-WP_011295320.1	PMN2A_RS08105	PMN2A_0974
cds-WP_011295321.1	PMN2A_RS08110	PMN2A_0975
cds-WP_011295322.1	PMN2A_RS08115	PMN2A_0976
cds-WP_011295323.1	PMN2A_RS08120	PMN2A_0977
cds-WP_011295324.1	PMN2A_RS08125	PMN2A_0978
cds-WP_011295325.1	PMN2A_RS08130	PMN2A_0979
cds-WP_011295326.1	PMN2A_RS08135	PMN2A_0980
cds-WP_011295327.1	PMN2A_RS08140	PMN2A_0981
cds-WP_011295328.1	PMN2A_RS08145	PMN2A_0982
cds-WP_011295329.1	PMN2A_RS08150	PMN2A_0983
cds-WP_011295330.1	PMN2A_RS08155	PMN2A_0984
cds-WP_011295331.1	PMN2A_RS08165	PMN2A_0986
cds-WP_011295332.1	PMN2A_RS08170	PMN2A_0987
cds-WP_011295333.1	PMN2A_RS08175	PMN2A_0988
cds-WP_011295334.1	PMN2A_RS08180	PMN2A_0989
cds-WP_011295335.1	PMN2A_RS08185	PMN2A_0990
cds-WP_011295337.1	PMN2A_RS08195	PMN2A_0992
cds-WP_011295338.1	PMN2A_RS08200	PMN2A_0993
cds-WP_011295339.1	PMN2A_RS08205	PMN2A_0994
cds-WP_011295340.1	PMN2A_RS08210	PMN2A_0995
cds-WP_011295341.1	PMN2A_RS08215	PMN2A_0996
cds-WP_011295342.1	PMN2A_RS08220	PMN2A_0997
cds-WP_011295343.1	PMN2A_RS08225	PMN2A_0998
cds-WP_011295344.1	PMN2A_RS08230	PMN2A_0999
cds-WP_011295345.1	PMN2A_RS08235	PMN2A_1000
cds-WP_011295346.1	PMN2A_RS08240	PMN2A_1001
cds-WP_011295347.1	PMN2A_RS08245	PMN2A_1002
cds-WP_011295348.1	PMN2A_RS08250	PMN2A_1003
cds-WP_011295349.1	PMN2A_RS08255	PMN2A_1004
cds-WP_011295351.1	PMN2A_RS08265	PMN2A_1006
cds-WP_011295352.1	PMN2A_RS08270	PMN2A_1007
cds-WP_011295353.1	PMN2A_RS08275	PMN2A_1008
cds-WP_011295354.1	PMN2A_RS08280	PMN2A_1009
cds-WP_011295355.1	PMN2A_RS08285	PMN2A_1010
cds-WP_011295356.1	PMN2A_RS08290	PMN2A_1011
cds-WP_011295357.1	PMN2A_RS08295	PMN2A_1012
cds-WP_011295358.1	PMN2A_RS08300	PMN2A_1013
cds-WP_011295359.1	PMN2A_RS08305	PMN2A_1014
cds-WP_011295360.1	PMN2A_RS08310	PMN2A_1015
cds-WP_011295361.1	PMN2A_RS08315	PMN2A_1016
cds-WP_011295362.1	PMN2A_RS08320	PMN2A_1017
cds-WP_011295363.1	PMN2A_RS08325	PMN2A_1018
cds-WP_011295364.1	PMN2A_RS08330	PMN2A_1019
cds-WP_011295365.1	PMN2A_RS08335	PMN2A_1020
cds-WP_011295366.1	PMN2A_RS08340	PMN2A_1021
cds-WP_011295367.1	PMN2A_RS08345	PMN2A_1022
cds-WP_011295368.1	PMN2A_RS08350	PMN2A_1023
cds-WP_011295369.1	PMN2A_RS08355	PMN2A_1024
cds-WP_011295370.1	PMN2A_RS08360	PMN2A_1025
cds-WP_011295372.1	PMN2A_RS08375	PMN2A_1027
cds-WP_011295373.1	PMN2A_RS08380	PMN2A_1028
cds-WP_011295374.1	PMN2A_RS08385	PMN2A_1029
cds-WP_011295375.1	PMN2A_RS08390	PMN2A_1030
cds-WP_011295376.1	PMN2A_RS08395	PMN2A_1031
cds-WP_011295377.1	PMN2A_RS08400	PMN2A_1032
cds-WP_011295378.1	PMN2A_RS08405	PMN2A_1033
cds-WP_011295379.1	PMN2A_RS08410	PMN2A_1034
cds-WP_011295380.1	PMN2A_RS08415	PMN2A_1035
cds-WP_011295381.1	PMN2A_RS08420	PMN2A_1036
cds-WP_011295382.1	PMN2A_RS08425	PMN2A_1037
cds-WP_011295383.1	PMN2A_RS08430	PMN2A_1038
cds-WP_011295384.1	PMN2A_RS08435	PMN2A_1039
cds-WP_011295385.1	PMN2A_RS08440	PMN2A_1040
cds-WP_011295386.1	PMN2A_RS08445	PMN2A_1041
cds-WP_011295387.1	PMN2A_RS08450	PMN2A_1042
cds-WP_011295389.1	PMN2A_RS08455	PMN2A_1044
cds-WP_011295390.1	PMN2A_RS08460	PMN2A_1045
cds-WP_011295391.1	PMN2A_RS08465	PMN2A_1046
cds-WP_011295392.1	PMN2A_RS08470	PMN2A_1047
cds-WP_011295393.1	PMN2A_RS08475	PMN2A_1048
cds-WP_011295394.1	PMN2A_RS08480	PMN2A_1049
cds-WP_011295395.1	PMN2A_RS08485	PMN2A_1050
cds-WP_011295396.1	PMN2A_RS08490	PMN2A_1051
cds-WP_011295397.1	PMN2A_RS08495	PMN2A_1052
cds-WP_011295398.1	PMN2A_RS08500	PMN2A_1053
cds-WP_011295399.1	PMN2A_RS08505	PMN2A_1054
cds-WP_011295400.1	PMN2A_RS08510	PMN2A_1055
cds-WP_011295402.1	PMN2A_RS08525	PMN2A_1057
cds-WP_011295403.1	PMN2A_RS08530	PMN2A_1058
cds-WP_011295404.1	PMN2A_RS08535	PMN2A_1059
cds-WP_011295405.1	PMN2A_RS10190	PMN2A_1060
cds-WP_011295406.1	PMN2A_RS08540	PMN2A_1061
cds-WP_011295407.1	PMN2A_RS08545	PMN2A_1062
cds-WP_011295408.1	PMN2A_RS08550	PMN2A_1063
cds-WP_011295409.1	PMN2A_RS08555	PMN2A_1064
cds-WP_011295410.1	PMN2A_RS08560	PMN2A_1065
cds-WP_011295411.1	PMN2A_RS08565	PMN2A_1066
cds-WP_011295412.1	PMN2A_RS08570	PMN2A_1067
cds-WP_011295413.1	PMN2A_RS08575	PMN2A_1068
cds-WP_011295414.1	PMN2A_RS08580	PMN2A_1069
cds-WP_011295415.1	PMN2A_RS08585	PMN2A_1070
cds-WP_011295416.1	PMN2A_RS08590	PMN2A_1071
cds-WP_011295417.1	PMN2A_RS08595	PMN2A_1072
cds-WP_011295418.1	PMN2A_RS08605	PMN2A_1074
cds-WP_011295419.1	PMN2A_RS08610	PMN2A_1075
cds-WP_011295420.1	PMN2A_RS08615	PMN2A_1076
cds-WP_011295421.1	PMN2A_RS08620	PMN2A_1077
cds-WP_011295422.1	PMN2A_RS08625	PMN2A_1078
cds-WP_011295423.1	PMN2A_RS08630	PMN2A_1079
cds-WP_011295424.1	PMN2A_RS08635	PMN2A_1080
cds-WP_011295425.1	PMN2A_RS08640	PMN2A_1081
cds-WP_011295426.1	PMN2A_RS08645	PMN2A_1082
cds-WP_011295427.1	PMN2A_RS08650	PMN2A_1083
cds-WP_011295428.1	PMN2A_RS08655	PMN2A_1084
cds-WP_011295429.1	PMN2A_RS08660	PMN2A_1085
cds-WP_011295430.1	PMN2A_RS08665	PMN2A_1086
cds-WP_011295431.1	PMN2A_RS08670	PMN2A_1087
cds-WP_011295432.1	PMN2A_RS08675	PMN2A_1088
cds-WP_011295433.1	PMN2A_RS08680	PMN2A_1089
cds-WP_011295434.1	PMN2A_RS08685	PMN2A_1090
cds-WP_011295435.1	PMN2A_RS08690	PMN2A_1091
cds-WP_011295437.1	PMN2A_RS08705	PMN2A_1093
cds-WP_011295438.1	PMN2A_RS10230	PMN2A_1094
cds-WP_011295439.1	PMN2A_RS08715	PMN2A_1095
cds-WP_011295440.1	PMN2A_RS08730	PMN2A_1096
cds-WP_011295441.1	PMN2A_RS08735	PMN2A_1097
cds-WP_011295442.1	PMN2A_RS08750	PMN2A_1098
cds-WP_011295443.1	PMN2A_RS08755	PMN2A_1099
cds-WP_011295444.1	PMN2A_RS08760	PMN2A_1100
cds-WP_011295445.1	PMN2A_RS08765	PMN2A_1101
cds-WP_011295446.1	PMN2A_RS08770	PMN2A_1102
cds-WP_011295447.1	PMN2A_RS08775	PMN2A_1103
cds-WP_011295448.1	PMN2A_RS08780	PMN2A_1104
cds-WP_011295449.1	PMN2A_RS08785	PMN2A_1105
cds-WP_011295450.1	PMN2A_RS08790	PMN2A_1106
cds-WP_011295451.1	PMN2A_RS08795	PMN2A_1107
cds-WP_011295452.1	PMN2A_RS08800	PMN2A_1108
cds-WP_011295453.1	PMN2A_RS10200	PMN2A_1109
cds-WP_011295454.1	PMN2A_RS08805	PMN2A_1110
cds-WP_011295455.1	PMN2A_RS08810	PMN2A_1111
cds-WP_011295456.1	PMN2A_RS08815	PMN2A_1112
cds-WP_011295457.1	PMN2A_RS08820	PMN2A_1113
cds-WP_011295458.1	PMN2A_RS08825	PMN2A_1114
cds-WP_011295459.1	PMN2A_RS08830	PMN2A_1115
cds-WP_011295460.1	PMN2A_RS08835	PMN2A_1116
cds-WP_011295461.1	PMN2A_RS08840	PMN2A_1117
cds-WP_011295462.1	PMN2A_RS08845	PMN2A_1118
cds-WP_011295463.1	PMN2A_RS08850	PMN2A_1119
cds-WP_011295464.1	PMN2A_RS08855	PMN2A_1120
cds-WP_011295465.1	PMN2A_RS10205	PMN2A_1121
cds-WP_011295466.1	PMN2A_RS08860	PMN2A_1122
cds-WP_011295467.1	PMN2A_RS08865	PMN2A_1123
cds-WP_011295468.1	PMN2A_RS08870	PMN2A_1124
cds-WP_011295469.1	PMN2A_RS08875	PMN2A_1125
cds-WP_011295470.1	PMN2A_RS08880	PMN2A_1126
cds-WP_011295471.1	PMN2A_RS08885	PMN2A_1127
cds-WP_011295472.1	PMN2A_RS08890	PMN2A_1128
cds-WP_011295473.1	PMN2A_RS08895	PMN2A_1129
cds-WP_011295474.1	PMN2A_RS08900	PMN2A_1130
cds-WP_011295475.1	PMN2A_RS08905	PMN2A_1131
cds-WP_011295476.1	PMN2A_RS08915	PMN2A_1132
cds-WP_011295477.1	PMN2A_RS08920	PMN2A_1133
cds-WP_011295478.1	PMN2A_RS08925	PMN2A_1134
cds-WP_011295479.1	PMN2A_RS08930	PMN2A_1135
cds-WP_011295480.1	PMN2A_RS08935	PMN2A_1136
cds-WP_011295481.1	PMN2A_RS08940	PMN2A_1137
cds-WP_011295482.1	PMN2A_RS08945	PMN2A_1138
cds-WP_011295483.1	PMN2A_RS08950	PMN2A_1139
cds-WP_011295484.1	PMN2A_RS08955	PMN2A_1140
cds-WP_011295485.1	PMN2A_RS08960	PMN2A_1141
cds-WP_011295486.1	PMN2A_RS08965	PMN2A_1142
cds-WP_011295487.1	PMN2A_RS08970	PMN2A_1143
cds-WP_011295488.1	PMN2A_RS08975	PMN2A_1144
cds-WP_011295490.1	PMN2A_RS08990	PMN2A_1146
cds-WP_011295491.1	PMN2A_RS08995	PMN2A_1147
cds-WP_011295492.1	PMN2A_RS09000	PMN2A_1148
cds-WP_011295493.1	PMN2A_RS09005	PMN2A_1149
cds-WP_011295494.1	PMN2A_RS09010	PMN2A_1150
cds-WP_011295495.1	PMN2A_RS09015	PMN2A_1151
cds-WP_011295496.1	PMN2A_RS09020	PMN2A_1152
cds-WP_011295497.1	PMN2A_RS09025	PMN2A_1153
cds-WP_011295498.1	PMN2A_RS09030	PMN2A_1154
cds-WP_011295499.1	PMN2A_RS09035	PMN2A_1155
cds-WP_011295500.1	PMN2A_RS09040	PMN2A_1156
cds-WP_011295501.1	PMN2A_RS09045	PMN2A_1157
cds-WP_011295502.1	PMN2A_RS09050	PMN2A_1158
cds-WP_011295504.1	PMN2A_RS09065	PMN2A_1160
cds-WP_011295505.1	PMN2A_RS09070	PMN2A_1161
cds-WP_011295506.1	PMN2A_RS09075	PMN2A_1162
cds-WP_011295507.1	PMN2A_RS09080	PMN2A_1163
cds-WP_011295508.1	PMN2A_RS09085	PMN2A_1164
cds-WP_011295509.1	PMN2A_RS09090	PMN2A_1165
cds-WP_011295510.1	PMN2A_RS09095	PMN2A_1166
cds-WP_011295511.1	PMN2A_RS09100	PMN2A_1167
cds-WP_011295512.1	PMN2A_RS09105	PMN2A_1168
cds-WP_011295513.1	PMN2A_RS09110	PMN2A_1169
cds-WP_011295514.1	PMN2A_RS09115	PMN2A_1170
cds-WP_011295515.1	PMN2A_RS09120	PMN2A_1171
cds-WP_011295516.1	PMN2A_RS09125	PMN2A_1172
cds-WP_011295517.1	PMN2A_RS09130	PMN2A_1173
cds-WP_011295518.1	PMN2A_RS09135	PMN2A_1174
cds-WP_011295519.1	PMN2A_RS09140	PMN2A_1175
cds-WP_011295520.1	PMN2A_RS09145	PMN2A_1176
cds-WP_011295521.1	PMN2A_RS09150	PMN2A_1177
cds-WP_011295522.1	PMN2A_RS09155	PMN2A_1178
cds-WP_011295523.1	PMN2A_RS09165	PMN2A_1179
cds-WP_011295524.1	PMN2A_RS09170	PMN2A_1180
cds-WP_011295525.1	PMN2A_RS09175	PMN2A_1181
cds-WP_011295526.1	PMN2A_RS09180	PMN2A_1182
cds-WP_011295527.1	PMN2A_RS09185	PMN2A_1183
cds-WP_011295528.1	PMN2A_RS09190	PMN2A_1184
cds-WP_011295529.1	PMN2A_RS09195	PMN2A_1185
cds-WP_011295530.1	PMN2A_RS09200	PMN2A_1186
cds-WP_011295531.1	PMN2A_RS09205	PMN2A_1187
cds-WP_011295532.1	PMN2A_RS09210	PMN2A_1188
cds-WP_011295533.1	PMN2A_RS09215	PMN2A_1189
cds-WP_011295534.1	PMN2A_RS09220	PMN2A_1190
cds-WP_011295535.1	PMN2A_RS09225	PMN2A_1191
cds-WP_011295536.1	PMN2A_RS09230	PMN2A_1192
cds-WP_011295537.1	PMN2A_RS09235	PMN2A_1193
cds-WP_011295538.1	PMN2A_RS09240	PMN2A_1194
cds-WP_011295540.1	PMN2A_RS09250	PMN2A_1196
cds-WP_011295542.1	PMN2A_RS09260	PMN2A_1198
cds-WP_011295543.1	PMN2A_RS09265	PMN2A_1199
cds-WP_011295544.1	PMN2A_RS09270	PMN2A_1200
cds-WP_011295545.1	PMN2A_RS09275	PMN2A_1201
cds-WP_011295546.1	PMN2A_RS09280	PMN2A_1202
cds-WP_011295547.1	PMN2A_RS09285	PMN2A_1203
cds-WP_011295548.1	PMN2A_RS09290	PMN2A_1204
cds-WP_011295549.1	PMN2A_RS09295	PMN2A_1205
cds-WP_011295550.1	PMN2A_RS09300	PMN2A_1206
cds-WP_011295551.1	PMN2A_RS09305	PMN2A_1207
cds-WP_011295552.1	PMN2A_RS09310	PMN2A_1208
cds-WP_011295553.1	PMN2A_RS09315	PMN2A_1209
cds-WP_011295554.1	PMN2A_RS09320	PMN2A_1210
cds-WP_011295555.1	PMN2A_RS09325	PMN2A_1211
cds-WP_011295556.1	PMN2A_RS09330	PMN2A_1212
cds-WP_011295557.1	PMN2A_RS09335	PMN2A_1213
cds-WP_011295558.1	PMN2A_RS09340	PMN2A_1214
cds-WP_011295559.1	PMN2A_RS09345	PMN2A_1215
cds-WP_011295560.1	PMN2A_RS09350	PMN2A_1216
cds-WP_011295561.1	PMN2A_RS09355	PMN2A_1217
cds-WP_011295562.1	PMN2A_RS09360	PMN2A_1218
cds-WP_011295563.1	PMN2A_RS09365	PMN2A_1219
cds-WP_011295564.1	PMN2A_RS09370	PMN2A_1220
cds-WP_011295565.1	PMN2A_RS09375	PMN2A_1221
cds-WP_011295566.1	PMN2A_RS10005	PMN2A_1222
cds-WP_011295567.1	PMN2A_RS09390	PMN2A_1223
cds-WP_011295568.1	PMN2A_RS09395	PMN2A_1224
cds-WP_011295569.1	PMN2A_RS09400	PMN2A_1225
cds-WP_011295570.1	PMN2A_RS09405	PMN2A_1226
cds-WP_011295571.1	PMN2A_RS09410	PMN2A_1227
cds-WP_011295572.1	PMN2A_RS09415	PMN2A_1228
cds-WP_011295574.1	PMN2A_RS09425	PMN2A_1230
cds-WP_011295575.1	PMN2A_RS09430	PMN2A_1231
cds-WP_011295576.1	PMN2A_RS09435	PMN2A_1232
cds-WP_011295577.1	PMN2A_RS09440	PMN2A_1233
cds-WP_011295578.1	PMN2A_RS09445	PMN2A_1234
cds-WP_011295580.1	PMN2A_RS09455	PMN2A_1236
cds-WP_011295581.1	PMN2A_RS09460	PMN2A_1237
cds-WP_011295582.1	PMN2A_RS09470	PMN2A_1238
cds-WP_011295583.1	PMN2A_RS09475	PMN2A_1239
cds-WP_011295584.1	PMN2A_RS09480	PMN2A_1240
cds-WP_011295585.1	PMN2A_RS09490	PMN2A_1241
cds-WP_011295586.1	PMN2A_RS09495	PMN2A_1242
cds-WP_011295587.1	PMN2A_RS09500	PMN2A_1243
cds-WP_011295588.1	PMN2A_RS09505	PMN2A_1244
cds-WP_011295589.1	PMN2A_RS09510	PMN2A_1245
cds-WP_011295590.1	PMN2A_RS09515	PMN2A_1246
cds-WP_011295591.1	PMN2A_RS09520	PMN2A_1247
cds-WP_011295592.1	PMN2A_RS09525	PMN2A_1248
cds-WP_011295593.1	PMN2A_RS09530	PMN2A_1249
cds-WP_011295595.1	PMN2A_RS09540	PMN2A_1251
cds-WP_011295596.1	PMN2A_RS09545	PMN2A_1252
cds-WP_011295597.1	PMN2A_RS09550	PMN2A_1253
cds-WP_011295599.1	PMN2A_RS09560	PMN2A_1255
cds-WP_011295600.1	PMN2A_RS09565	PMN2A_1256
cds-WP_011295601.1	PMN2A_RS09570	PMN2A_1257
cds-WP_011295602.1	PMN2A_RS09575	PMN2A_1258
cds-WP_011295603.1	PMN2A_RS09580	PMN2A_1259
cds-WP_011295604.1	PMN2A_RS09585	PMN2A_1260
cds-WP_011295605.1	PMN2A_RS09590	PMN2A_1261
cds-WP_011295606.1	PMN2A_RS09595	PMN2A_1262
cds-WP_011295607.1	PMN2A_RS09600	PMN2A_1263
cds-WP_011295608.1	PMN2A_RS09605	PMN2A_1264
cds-WP_011295609.1	PMN2A_RS09610	PMN2A_1265
cds-WP_011295610.1	PMN2A_RS09615	PMN2A_1266
cds-WP_011295611.1	PMN2A_RS09620	PMN2A_1267
cds-WP_011295612.1	PMN2A_RS09625	PMN2A_1268
cds-WP_011295613.1	PMN2A_RS09630	PMN2A_1269
cds-WP_011295614.1	PMN2A_RS09635	PMN2A_1270
cds-WP_011295615.1	PMN2A_RS09640	PMN2A_1271
cds-WP_011295616.1	PMN2A_RS09645	PMN2A_1272
cds-WP_011295617.1	PMN2A_RS09650	PMN2A_1273
cds-WP_011295618.1	PMN2A_RS09655	PMN2A_1274
cds-WP_011295619.1	PMN2A_RS09660	PMN2A_1275
cds-WP_011295620.1	PMN2A_RS09665	PMN2A_1276
cds-WP_011295621.1	PMN2A_RS09670	PMN2A_1277
cds-WP_011295622.1	PMN2A_RS09675	PMN2A_1278
cds-WP_011295623.1	PMN2A_RS09680	PMN2A_1279
cds-WP_011295624.1	PMN2A_RS09685	PMN2A_1280
cds-WP_011295625.1	PMN2A_RS09690	PMN2A_1281
cds-WP_011295626.1	PMN2A_RS09695	PMN2A_1282
cds-WP_011295627.1	PMN2A_RS09700	PMN2A_1283
cds-WP_011295628.1	PMN2A_RS09705	PMN2A_1284
cds-WP_011295629.1	PMN2A_RS09715	PMN2A_1285
cds-WP_011295630.1	PMN2A_RS09720	PMN2A_1286
cds-WP_011295631.1	PMN2A_RS09725	PMN2A_1287
cds-WP_011295632.1	PMN2A_RS09730	PMN2A_1288
cds-WP_011295633.1	PMN2A_RS09735	PMN2A_1289
cds-WP_011295634.1	PMN2A_RS09740	PMN2A_1290
cds-WP_011295635.1	PMN2A_RS09745	PMN2A_1291
cds-WP_011295636.1	PMN2A_RS09750	PMN2A_1292
cds-WP_011295637.1	PMN2A_RS09755	PMN2A_1293
cds-WP_011295638.1	PMN2A_RS09760	PMN2A_1294
cds-WP_011295639.1	PMN2A_RS09765	PMN2A_1295
cds-WP_011295640.1	PMN2A_RS09770	PMN2A_1296
cds-WP_011295641.1	PMN2A_RS10010	PMN2A_1297
cds-WP_011295642.1	PMN2A_RS09785	PMN2A_1298
cds-WP_011295644.1	PMN2A_RS09795	PMN2A_1300
cds-WP_011295645.1	PMN2A_RS09800	PMN2A_1301
cds-WP_011295647.1	PMN2A_RS09810	PMN2A_1303
cds-WP_011295648.1	PMN2A_RS09815	PMN2A_1304
cds-WP_011295649.1	PMN2A_RS09820	PMN2A_1305
cds-WP_011295650.1	PMN2A_RS09825	PMN2A_1306
cds-WP_011295651.1	PMN2A_RS09830	PMN2A_1307
cds-WP_011295652.1	PMN2A_RS09835	PMN2A_1308
cds-WP_011295653.1	PMN2A_RS09845	PMN2A_1310
cds-WP_011295654.1	PMN2A_RS09850	PMN2A_1311
cds-WP_011295655.1	PMN2A_RS09855	PMN2A_1312
cds-WP_011295656.1	PMN2A_RS09860	PMN2A_1313
cds-WP_011295657.1	PMN2A_RS09865	PMN2A_1314
cds-WP_011295658.1	PMN2A_RS09870	PMN2A_1315
cds-WP_011295659.1	PMN2A_RS09875	PMN2A_1316
cds-WP_011295660.1	PMN2A_RS09880	PMN2A_1317
cds-WP_011295661.1	PMN2A_RS09890	PMN2A_1318
cds-WP_011295662.1	PMN2A_RS09895	PMN2A_1319
cds-WP_011295663.1	PMN2A_RS09900	PMN2A_1320
cds-WP_011295664.1	PMN2A_RS09905	PMN2A_1321
cds-WP_011295665.1	PMN2A_RS09910	PMN2A_1322
cds-WP_011295666.1	PMN2A_RS09915	PMN2A_1323
cds-WP_011295667.1	PMN2A_RS09920	PMN2A_1324
cds-WP_011295668.1	PMN2A_RS09925	PMN2A_1325
cds-WP_011295669.1	PMN2A_RS09930	PMN2A_1326
cds-WP_011295670.1	PMN2A_RS09935	PMN2A_1327
cds-WP_011822907.1	PMN2A_RS00415	PMN2A_1406
cds-WP_011822909.1	PMN2A_RS00425	PMN2A_1408
cds-WP_011823158.1	PMN2A_RS01815	PMN2A_1919
cds-WP_011823357.1	PMN2A_RS02995	PMN2A_0011
cds-WP_011823448.1	PMN2A_RS03495	PMN2A_0109
cds-WP_011823820.1	PMN2A_RS05290	PMN2A_0454
cds-WP_011824203.1	PMN2A_RS07120	PMN2A_2138
cds-WP_036905851.1	PMN2A_RS09535	PMN2A_1250
cds-WP_038655547.1	PMN2A_RS09790	PMN2A_1299
cds-WP_041710885.1	PMN2A_RS00050	PMN2A_1335
cds-WP_041710887.1	PMN2A_RS00340	PMN2A_1393
cds-WP_041710890.1	PMN2A_RS00350	PMN2A_1901
cds-WP_041710892.1	PMN2A_RS00360	PMN2A_1395
cds-WP_041710897.1	PMN2A_RS00485	PMN2A_1420
cds-WP_041710927.1	PMN2A_RS01915	PMN2A_1701
cds-WP_041710934.1	PMN2A_RS02225	PMN2A_1753
cds-WP_041710949.1	PMN2A_RS03190	PMN2A_0050
cds-WP_041710967.1	PMN2A_RS04610	PMN2A_1957
cds-WP_041710972.1	PMN2A_RS04705	PMN2A_0349
cds-WP_041710981.1	PMN2A_RS05285	PMN2A_0453
cds-WP_041710994.1	PMN2A_RS05940	PMN2A_2068
cds-WP_041710997.1	PMN2A_RS05960	PMN2A_0574
cds-WP_041711004.1	PMN2A_RS06040	PMN2A_2084
cds-WP_041711006.1	PMN2A_RS06065	PMN2A_0590
cds-WP_041711012.1	PMN2A_RS06180	PMN2A_0608
cds-WP_041711022.1	PMN2A_RS06695	PMN2A_0706
cds-WP_041711024.1	PMN2A_RS06930	PMN2A_0752
cds-WP_041711028.1	PMN2A_RS07290	PMN2A_0819
cds-WP_041711031.1	PMN2A_RS07465	PMN2A_0855
cds-WP_041711032.1	PMN2A_RS07495	PMN2A_0861
cds-WP_041711035.1	PMN2A_RS07535	PMN2A_0868
cds-WP_041711042.1	PMN2A_RS07965	PMN2A_0948
cds-WP_041711045.1	PMN2A_RS07985	PMN2A_0952
cds-WP_041711057.1	PMN2A_RS08260	PMN2A_1005
cds-WP_041711064.1	PMN2A_RS08515	PMN2A_1056
cds-WP_041711075.1	PMN2A_RS09245	PMN2A_1195
cds-WP_041711076.1	PMN2A_RS09255	PMN2A_1197
cds-WP_041711084.1	PMN2A_RS09555	PMN2A_1254
cds-WP_041711119.1	PMN2A_RS01375	PMN2A_1596
cds-WP_041711130.1	PMN2A_RS01610	PMN2A_1641
cds-WP_041711143.1	PMN2A_RS01895	PMN2A_1697
cds-WP_041711150.1	PMN2A_RS02545	PMN2A_1816
cds-WP_041711155.1	PMN2A_RS02910	PMN2A_1889
cds-WP_041711157.1	PMN2A_RS03160	PMN2A_0044
cds-WP_041711160.1	PMN2A_RS03205	PMN2A_0053
cds-WP_041711182.1	PMN2A_RS04315	PMN2A_0276
cds-WP_041711191.1	PMN2A_RS05065	PMN2A_0413
cds-WP_041711196.1	PMN2A_RS05600	PMN2A_0514
cds-WP_041711201.1	PMN2A_RS05865	PMN2A_0555
cds-WP_041711204.1	PMN2A_RS05905	PMN2A_0564
cds-WP_041711211.1	PMN2A_RS06285	PMN2A_0626
cds-WP_041711218.1	PMN2A_RS06610	PMN2A_0688
cds-WP_041711236.1	PMN2A_RS06885	PMN2A_0743
cds-WP_041711257.1	PMN2A_RS07490	PMN2A_0860
cds-WP_041711271.1	PMN2A_RS08190	PMN2A_0991
cds-WP_049752675.1	PMN2A_RS00600	PMN2A_1442
cds-WP_049752676.1	PMN2A_RS00610	PMN2A_1444
cds-WP_049752677.1	PMN2A_RS00925	PMN2A_1505
cds-WP_049752679.1	PMN2A_RS01730	PMN2A_1666
cds-WP_049752681.1	PMN2A_RS07570	PMN2A_0874
cds-WP_049752684.1	PMN2A_RS00410	PMN2A_1404
cds-WP_049752686.1	PMN2A_RS01275	PMN2A_1576
cds-WP_049752687.1	PMN2A_RS01595	PMN2A_1639
cds-WP_049752690.1	PMN2A_RS04780	PMN2A_0363
cds-WP_049752693.1	PMN2A_RS06310	PMN2A_0631
cds-WP_049752694.1	PMN2A_RS06350	PMN2A_0637
cds-WP_049752697.1	PMN2A_RS07575	PMN2A_0875
cds-WP_049752699.1	PMN2A_RS09805	PMN2A_1302
cds-WP_071813363.1	PMN2A_RS10090	PMN2A_1966
cds-WP_071813611.1	PMN2A_RS01400	PMN2A_1601
cds-WP_071813624.1	PMN2A_RS04235	PMN2A_0260
cds-WP_071813626.1	PMN2A_RS04920	PMN2A_1969
cds-WP_071813629.1	PMN2A_RS06420	PMN2A_0651
cds-WP_071813635.1	PMN2A_RS07610	PMN2A_0882
cds-WP_071813637.1	PMN2A_RS07740	PMN2A_0907
cds-WP_071813642.1	PMN2A_RS08980	PMN2A_1145
cds-WP_071813644.1	PMN2A_RS10210	PMN2A_1159
cds-WP_071813652.1	PMN2A_RS06790	PMN2A_0724
cds-WP_080502528.1	PMN2A_RS00620	PMN2A_1446
cds-WP_080502529.1	PMN2A_RS01885	PMN2A_1696
cds-WP_080502530.1	PMN2A_RS04585	PMN2A_0330
cds-WP_080502531.1	PMN2A_RS05895	PMN2A_0561
cds-WP_080502532.1	PMN2A_RS07300	PMN2A_0821
cds-WP_080502533.1	PMN2A_RS07330	PMN2A_0826
cds-WP_080502534.1	PMN2A_RS07360	PMN2A_0832
cds-WP_080502535.1	PMN2A_RS07475	PMN2A_0857
cds-WP_080502536.1	PMN2A_RS10180	PMN2A_1026
cds-WP_080502537.1	PMN2A_RS09450	PMN2A_1235
cds-WP_080502538.1	PMN2A_RS09960	PMN2A_1389
cds-WP_080502539.1	PMN2A_RS02805	PMN2A_1868
cds-WP_080502540.1	PMN2A_RS03330	PMN2A_0077
cds-WP_041710910.1	PMN2A_RS01580	NA
cds-WP_011293615.1	PMN2A_RS03350	NA
cds-PMN2A_RS09840	PMN2A_RS09840	NA
cds-WP_011294671.1	PMN2A_RS06005	NA
cds-WP_011294827.1	PMN2A_RS06865	NA
cds-WP_080502542.1	PMN2A_RS10225	NA
cds-WP_071813615.1	PMN2A_RS10050	NA
cds-WP_071813648.1	PMN2A_RS10115	NA
cds-WP_071813621.1	PMN2A_RS03370	NA
cds-WP_041711193.1	PMN2A_RS05275	NA
cds-WP_011295573.1	PMN2A_RS09420	NA
cds-WP_011125327.1-2	PMN2A_RS06155	NA
cds-WP_011294605.1-3	PMN2A_RS05980	NA
cds-WP_080502527.1	PMN2A_RS00200	NA
cds-PMN2A_RS00335	PMN2A_RS00335	NA
cds-PMN2A_RS05260	PMN2A_RS05260	NA
cds-PMN2A_RS10110	PMN2A_RS10110	NA
cds-PMN2A_RS10135	PMN2A_RS10135	NA
cds-WP_011294532.1	PMN2A_RS05170	NA
cds-WP_041700523.1	PMN2A_RS02000	NA
cds-WP_041710888.1	PMN2A_RS00345	NA
cds-WP_041710936.1	PMN2A_RS02235	NA
cds-WP_041710950.1	PMN2A_RS03270	NA
cds-WP_041710958.1	PMN2A_RS03565	NA
cds-WP_041710989.1	PMN2A_RS05725	NA
cds-WP_041710991.1	PMN2A_RS05740	NA
cds-WP_041710998.1	PMN2A_RS05965	NA
cds-WP_041711000.1	PMN2A_RS06025	NA
cds-WP_041711002.1	PMN2A_RS06030	NA
cds-WP_041711009.1	PMN2A_RS06080	NA
cds-WP_041711011.1	PMN2A_RS06170	NA
cds-WP_041711039.1	PMN2A_RS07905	NA
cds-WP_041711040.1	PMN2A_RS07955	NA
cds-WP_041711047.1	PMN2A_RS07995	NA
cds-WP_041711070.1	PMN2A_RS08740	NA
cds-WP_041711263.1	PMN2A_RS07645	NA
cds-WP_071813628.1	PMN2A_RS10140	NA
cds-WP_071813639.1	PMN2A_RS10185	NA
cds-WP_080502541.1	PMN2A_RS05295	NA
cds-WP_071813622.1	PMN2A_RS10075	NA