Cruise	library_id	sample_id	depth[m]	latitude	longitude	time_local	time_zulu	CyCOG_60002762	CyCOG_60002939	CyCOG_60002860	CyCOG_60004907	CyCOG_60002800	CyCOG_60003253	CyCOG_60003177	CyCOG_60001076	CyCOG_60001007	CyCOG_60000023	CyCOG_60002545	CyCOG_60000988	CyCOG_60000706	CyCOG_60000655	CyCOG_60000065	CyCOG_60001112	CyCOG_60001947	CyCOG_60002835	CyCOG_60002002	CyCOG_60001743	CyCOG_60002033	CyCOG_60001390	CyCOG_60001927	CyCOG_60001385	CyCOG_60001362	CyCOG_60001922	CyCOG_60000004	CyCOG_60001747	CyCOG_60002396	CyCOG_60001755	CyCOG_60001748	CyCOG_60002204	CyCOG_60001942	CyCOG_60002088	CyCOG_60000028	CyCOG_60001202	CyCOG_60001141	CyCOG_60000321	CyCOG_60000178	CyCOG_60000213	CyCOG_60000929	CyCOG_60001034	CyCOG_60000999	CyCOG_60000035	CyCOG_60000196	CyCOG_60001803	CyCOG_60001917	CyCOG_60002248	CyCOG_60001938	CyCOG_60002268	CyCOG_60002220	CyCOG_60001901	CyCOG_60003929	CyCOG_60001886	CyCOG_60001877	CyCOG_60003433	CyCOG_60003114	CyCOG_60001979	CyCOG_60002024	CyCOG_60001787	CyCOG_60001931	CyCOG_60001326	CyCOG_60001317	CyCOG_60001262	CyCOG_60001340	CyCOG_60001355	CyCOG_60001331	CyCOG_60001304	CyCOG_60001296	CyCOG_60000244	CyCOG_60000113	CyCOG_60001170	CyCOG_60000461	CyCOG_60003974	CyCOG_60000563	CyCOG_60000594	CyCOG_60000039	CyCOG_60000364	CyCOG_60000127	CyCOG_60000819	CyCOG_60000095	CyCOG_60000436	CyCOG_60003296	CyCOG_60000080
SCOPE-GRADIENTS G1 (2016) CRUISE	G1UW1_S1	G1_UW_1	5	23.49	-157.98	2016-04-20T06:00-10:00	2016-04-20T16:00	0.01143	0.00853	0.01251	0.01749	0.01778	0.02042	0	1.6427	1.45123	2.48269	0	1.3649	1.45427	1.07463	1.40921	1.47522	0.02306	0.03002	0.03901	0.41743	0.00628	1.2066	0.18731	1.01049	0.73482	0.2778	4.33069	0.21623	0	0.24868	0.95624	0.00436	0.16435	0.13899	4.02891	1.55613	1.18843	1.29625	1.01458	1.10251	1.1865	1.5544	0.90544	2.1789	1.05001	0	0.32493	0.261	0.1952	0.37395	0.29158	0.23659	0	0.32743	0.30026	0.00051	0.13308	0.10053	0	0	0.57371	1.14637	1.05453	1.09452	1.12374	0.93246	1.07703	0.89727	0.76811	1.08147	0.813	1.21268	1.1056	0	1.3876	0.34047	1.08613	1.02035	1.11925	0.79503	1.14256	1.08349	0	1.05121
SCOPE-GRADIENTS G1 (2016) CRUISE	G1UW2_S2	G1_UW_2	5	24.80	-158.01	2016-04-21T06:00-10:00	2016-04-21T16:00	0.00118	0.00193	0.00079	0	0.00205	0	0	0.67833	0.56471	3.5454	0	0.87849	1.6922	0.81618	0.71039	2.28532	0.03376	0.03932	0.06377	0.33042	0.00755	2.4173	0.24636	1.73472	1.23099	0.367	7.48698	0.29359	0	0.43164	0.86814	0.00366	0.19502	0.11141	4.60376	0.62283	0.59838	0.93236	0.8515	0.7448	0.97616	1.23426	0.85623	3.15843	1.01812	0	0.16803	0.13535	0.07779	0.1835	0.16802	0.12497	0	0.25153	0.28202	0	0.10878	0.06442	0	0	0.25887	1.17628	1.13729	1.33512	1.13385	0.9782	1.30659	1.60581	1.3955	1.71924	1.68702	1.12623	0.88993	0	0.76264	0.19092	1.27971	0.89173	0.56549	0.66643	0.80612	0.85354	0	0.69876
SCOPE-GRADIENTS G1 (2016) CRUISE	G1UW3_S3	G1_UW_3	5	25.59	-158.01	2016-04-21T12:00-10:00	2016-04-21T22:00	0.00315	0.00518	0.00257	0.00238	0.00349	0.00604	0	0.73397	0.55895	3.47976	0	0.83505	1.81366	0.86599	0.7501	2.14474	0.05639	0.04528	0.07547	0.41308	0.01846	2.215	0.34804	1.63525	1.1511	0.48355	7.51475	0.46034	0.00173	0.51021	0.82308	0.00709	0.22798	0.17551	4.65695	0.64494	0.56611	0.87903	0.88775	0.78653	1.02877	1.19484	0.84103	3.01119	1.08494	0	0.23717	0.18419	0.09932	0.21713	0.21236	0.19511	0	0.31742	0.38757	0.00094	0.11642	0.06611	0	0	0.41268	1.42037	1.34426	1.40354	1.37078	1.29095	1.48642	1.57537	1.31758	1.87174	1.46751	1.09169	0.92339	0	0.77504	0.23676	1.47866	0.8639	0.571	0.74799	0.80343	0.73982	0	0.74751
SCOPE-GRADIENTS G1 (2016) CRUISE	G1UW4_S4	G1_UW_4	5	26.52	-157.99	2016-04-21T18:00-10:00	2016-04-22T04:00	0.00388	0.00912	0.00595	0.00411	0.00723	0.00687	0	0.75733	0.62951	3.17971	0	0.91575	1.70614	0.84851	0.85381	1.9934	0.05784	0.04728	0.0851	0.49781	0.02465	2.02976	0.38074	1.45155	1.01167	0.46824	7.14374	0.48216	0.00091	0.50022	0.95839	0.00898	0.26549	0.1939	4.61819	0.70137	0.53311	0.89174	0.9508	0.72536	1.08657	1.24556	0.94036	2.91495	1.05956	0	0.2454	0.19465	0.1345	0.22158	0.21905	0.2137	0	0.34916	0.39444	0.0028	0.11928	0.06598	0	0	0.45579	1.33231	1.32782	1.28879	1.23102	1.20405	1.39503	1.38928	1.18759	1.72295	1.263	1.05634	0.93987	0	0.84196	0.23615	1.36075	0.94042	0.60413	0.83657	0.85038	0.73927	0	0.79498
SCOPE-GRADIENTS G1 (2016) CRUISE	G1UW5_S5	G1_UW_5	5	28.14	-158.00	2016-04-22T06:00-10:00	2016-04-22T16:00	0.02521	0.03306	0.03267	0.02084	0.04509	0.05589	0	1.19609	0.77973	2.99844	0	0.82553	2.0245	0.6916	0.95706	1.87366	0.04013	0.03409	0.04157	0.70041	0.02669	3.23337	0.29174	1.96206	1.34498	0.39968	9.46305	0.34214	0.00064	0.44809	1.19336	0.00685	0.41361	0.13644	5.71019	0.95459	0.58258	0.82283	0.84328	0.69875	1.18547	1.35411	0.88382	3.73823	0.70913	0	0.16758	0.14845	0.10572	0.16013	0.15837	0.15724	0	0.2364	0.26807	0.01261	0.0821	0.04169	0	0	0.27791	0.92192	1.13619	1.05621	1.05686	1.22322	1.14319	1.5097	1.43849	1.50906	1.4471	1.0278	0.93913	0	0.75924	0.14305	1.04936	0.78737	0.61327	0.67037	0.88775	0.75955	0	0.88009
SCOPE-GRADIENTS G1 (2016) CRUISE	G1UW6_S6	G1_UW_6	5	28.05	-158.00	2016-04-22T12:00-10:00	2016-04-22T22:00	0.01885	0.03409	0.02783	0.01749	0.02958	0.03849	0	1.00852	0.57538	3.21477	0	0.77953	2.02619	0.66557	0.82114	2.00574	0.04539	0.03193	0.07142	0.5724	0.02512	2.86594	0.30506	1.87965	1.42531	0.42047	9.79267	0.36817	0.00348	0.36086	1.14171	0.00915	0.37535	0.12788	5.08574	0.68832	0.46509	0.68032	0.7815	0.60986	1.18991	1.13003	0.93728	3.70289	0.73413	0	0.15027	0.10962	0.10373	0.13052	0.13893	0.14268	0	0.23045	0.26622	0.01248	0.07871	0.0512	0	0.00018	0.24187	1.04019	1.21696	1.14509	1.12468	1.2518	1.29171	1.62272	1.47484	1.58926	1.4897	0.98707	0.90757	0	0.71639	0.14543	1.19923	0.81331	0.50451	0.67726	0.80671	0.67454	0	0.87867
SCOPE-GRADIENTS G1 (2016) CRUISE	G1UW8_S7	G1_UW_8	5	29.93	-158.01	2016-04-23T12:00-10:00	2016-04-23T22:00	0.01173	0.01938	0.01826	0.00641	0.01678	0.02057	0	0.77318	0.59149	3.26474	0	0.92135	1.86349	0.78696	0.82932	1.96456	0.05186	0.04305	0.07159	0.53567	0.02007	2.36692	0.40826	1.73946	1.30531	0.4987	7.94956	0.47021	0	0.49147	0.96758	0.01035	0.34602	0.18827	4.36783	0.66232	0.56122	0.85341	0.97818	0.76764	1.0378	1.13525	0.86006	3.138	0.99005	0	0.22173	0.16204	0.15672	0.18994	0.19974	0.1989	0	0.3097	0.32659	0.00591	0.11569	0.05992	0	0	0.42017	1.26095	1.31533	1.27875	1.32614	1.31769	1.33851	1.38761	1.18924	1.66082	1.27364	1.07843	0.88933	0	0.76909	0.2191	1.41871	0.85852	0.60679	0.78019	0.86679	0.69672	0	0.87838
SCOPE-GRADIENTS G1 (2016) CRUISE	G1UW9_S8	G1_UW_9	5	30.81	-158.00	2016-04-23T18:00-10:00	2016-04-24T04:00	0.0656	0.15082	0.1032	0.04964	0.1247	0.15137	0	1.80684	0.77682	2.7905	0	0.55501	2.84464	0.4102	0.83994	2.00615	0.01417	0.01498	0.02835	0.88607	0.01519	2.50427	0.1639	1.31881	1.09393	0.15999	11.56692	0.16939	0.00471	0.13591	1.45693	0.00384	0.45074	0.07781	6.74781	0.87329	0.3205	0.46743	0.82251	0.58851	1.83147	1.50514	1.17425	4.18912	0.36204	0	0.04013	0.02949	0.02696	0.03856	0.03411	0.02999	0.0009	0.05828	0.07036	0.01203	0.02814	0.02663	0	0	0.06475	0.45373	1.16027	0.82762	0.87282	1.17379	0.7376	1.31038	1.70221	1.66173	0.86918	0.90518	1.227	0	0.49922	0.04889	0.77181	0.73529	0.56914	0.36718	1.11687	0.59753	0.00526	1.46447
SCOPE-GRADIENTS G1 (2016) CRUISE	G1UW10_S9	G1_UW_10	5	32.59	-158.00	2016-04-24T06:00-10:00	2016-04-24T16:00	0.0467	0.11083	0.0579	0.04452	0.09148	0.1169	0	2.15457	0.84435	3.02972	0	0.56187	2.89607	0.42096	0.69044	2.19385	0.00996	0.00739	0.01627	0.69056	0.025	2.02371	0.07809	0.96989	0.84462	0.08185	13.57703	0.08155	0.00606	0.09646	1.35015	0.00224	0.36174	0.0718	6.22133	0.69466	0.3413	0.37815	0.7021	0.54467	1.9569	1.44087	1.33371	4.04889	0.33193	0.00037	0.00692	0.00707	0.00232	0.00716	0.00505	0.00448	0	0.00892	0.01123	0.00141	0.01405	0.02763	0	0.00135	0.01112	0.48459	1.22212	0.86614	0.67148	0.86085	0.55095	1.26441	2.06162	1.28835	0.95727	0.77187	1.27368	0	0.52215	0.04014	0.7577	0.77819	0.68006	0.28298	0.92794	0.49489	0.00901	1.44987
SCOPE-GRADIENTS G1 (2016) CRUISE	G1UW11_S10	G1_UW_11	5	32.69	-157.96	2016-04-24T12:00-10:00	2016-04-24T22:00	0.10864	0.17961	0.13689	0.09297	0.1431	0.17432	0	1.86926	0.81409	2.46905	0	0.65143	2.68413	0.48074	0.98924	1.78756	0.00994	0.01908	0.01439	0.89276	0.02793	2.19536	0.14744	1.36157	1.17695	0.16769	10.92424	0.17114	0.00964	0.1267	1.43716	0.00708	0.49806	0.12278	6.58773	0.91537	0.48216	0.40936	0.74747	0.65613	1.58124	1.57897	1.04857	3.62524	0.28539	0.00096	0.03877	0.03088	0.00898	0.02451	0.02225	0.03793	0	0.0517	0.05488	0.01191	0.02224	0.02169	0	0	0.08596	0.4349	1.07882	0.74613	0.89108	1.27049	0.68212	1.19605	1.58358	1.44797	0.73951	1.00657	1.13059	0	0.49296	0.05043	0.74642	0.60944	0.60308	0.32116	1.06401	0.54459	0.00359	1.09317
SCOPE-GRADIENTS G1 (2016) CRUISE	G1UW12_S11	G1_UW_12	5	34.07	-158.00	2016-04-25T06:00-10:00	2016-04-25T16:00	0.08988	0.18645	0.1424	0.1051	0.17987	0.2165	0	1.34523	0.79034	2.17768	0	0.85184	2.6164	0.77062	0.73168	1.67551	0.00387	0.00654	0.00682	0.91359	0.02484	1.39754	0.06267	0.8396	0.66282	0.08914	9.0758	0.06924	0.00309	0.09476	1.10421	0.00453	0.47216	0.08196	6.26021	0.97643	0.49719	0.50067	0.88715	0.91241	1.3099	1.20681	0.86345	2.21619	0.33818	0	0.00052	0.00021	0.00131	0.00163	0.00074	0.00207	0	0.00212	0.00131	0.00027	0.0129	0.01972	0	0.00041	0.00298	0.58689	1.2944	0.68997	1.18663	1.46164	0.99427	1.18647	1.22445	1.7467	0.83992	1.30074	1.14211	0	0.34695	0.08026	0.8001	0.53667	0.70217	0.53832	1.33143	1.06668	0.02324	1.17383
SCOPE-GRADIENTS G1 (2016) CRUISE	G1UW13_S12	G1_UW_13	5	34.84	-158.01	2016-04-25T12:00-10:00	2016-04-25T22:00	0.11236	0.19308	0.16535	0.11818	0.16982	0.21114	0	1.89666	1.15032	2.13319	0	1.01229	2.31529	0.80177	0.98092	1.66888	0.00528	0.00372	0.01025	1.00866	0.0272	1.33716	0.06793	0.8455	0.68968	0.07712	7.52003	0.07668	0.00784	0.07001	1.15376	0.00255	0.52768	0.09075	6.03415	1.35371	0.68015	0.47911	1.00832	0.90907	1.63662	1.58294	1.1263	2.583	0.40356	0	0.00631	0.00125	0.00461	0.00515	0.00484	0.00659	0	0.00711	0.00454	0.00222	0.01197	0.02208	0	0	0.01382	0.57048	1.30174	0.72207	1.08651	1.30472	0.82376	1.04923	1.18342	1.54869	0.55186	1.24145	1.12564	0	0.51448	0.07892	0.72977	0.73995	0.89251	0.46558	1.30949	0.95855	0.01579	1.14768
SCOPE-GRADIENTS G1 (2016) CRUISE	G1UW14_S13	G1_UW_14	5	35.68	-158.00	2016-04-25T18:00-10:00	2016-04-26T04:00	0.08624	0.20806	0.16164	0.12003	0.19837	0.23702	0	1.10067	0.63053	2.22449	0	0.59995	2.76575	0.67609	0.61118	1.56677	0.002	0.0031	0.00291	0.91108	0.02894	1.45206	0.05242	0.84049	0.66407	0.06429	10.85618	0.06149	0.00394	0.07838	1.03364	0.00247	0.35254	0.0673	6.64771	0.80113	0.39193	0.49282	0.79688	0.91019	1.04306	1.02822	0.66897	1.93486	0.27307	0	0.00054	0.00104	0.00165	0	0.00045	0	0	0.00056	0.00182	0.00076	0.01063	0.01689	0	0	0.00364	0.59576	1.19742	0.65427	1.13402	1.46773	1.06023	1.27089	1.22391	1.78004	1.11447	1.27804	1.18264	0	0.23532	0.0716	0.82602	0.4372	0.58394	0.57464	1.16598	1.06834	0.0431	1.13757
SCOPE-GRADIENTS G1 (2016) CRUISE	G1UW15_S14	G1_UW_15	5	37.30	-157.99	2016-04-26T06:00-10:00	2016-04-26T16:00	0.06928	0.7842	0.21596	0.12115	0	0.0897	0	0.25198	0.09652	0.6053	0	0.11603	0.48214	0.17829	0.24942	0.65972	0	0	0	0.32975	0	0	0	0.41839	0.18806	0	2.85015	0	0	0	0	0	0	0	2.08151	0	0.05939	0	0.22087	0.22912	0.6687	0.68731	0.0598	0.40987	0.25634	0	0	0	0	0	0	0	0	0	0	0	0	0	0	0	0	0.1776	0.33287	0.46446	0.40296	0.65122	0.30457	0.31875	0.25686	0.42576	0.23534	0.21806	0.39685	0	0.06458	0	0.35303	0.51159	0.29795	0.14329	0.10588	0.19437	0	0.36162
SCOPE-GRADIENTS G1 (2016) CRUISE	G1UW16_S15	G1_UW_16	5	37.84	-158.00	2016-04-26T12:00-10:00	2016-04-26T22:00	0.07422	0.06901	0.17445	0.06451	0.02547	0	0	0.17245	0.09137	0.39917	0	0.21671	0.50442	0.29074	0.17403	0.42453	0	0	0	0.43789	0	0.4415	0	0.5603	0.25227	0	1.97124	0	0	0	0	0	0	0	1.57944	0.18969	0.05623	0.16411	0.28692	0.08838	0.50459	0.50838	0.05208	0.45439	0.0847	0	0	0	0	0	0	0	0	0	0	0	0	0	0	0	0	0.482	1.02787	0.35519	0.28658	0.10757	0.23057	0.58669	0.20704	0.4753	0.50915	0.12924	0.5265	0	0.03554	0	0.34459	0.40656	0.52555	0.08725	0.4309	0.10176	0	0.4874
SCOPE-GRADIENTS G1 (2016) CRUISE	G1UW17_S16	G1_UW_17	5	37.47	-158.00	2016-04-26T18:00-10:00	2016-04-27T04:00	0.0525	0.29029	0.23351	0.15405	0.28552	0.13195	0	0.39349	0.07208	0.48251	0	0	0.87746	0.12544	0.16589	0.43331	0	0	0	0.81862	0	0.30232	0	0.28071	0.18748	0	3.14207	0	0	0	0	0	0	0	2.42759	0.1689	0.03676	0.16981	0.3056	0.42015	0.4099	0.39246	0.16154	0.60031	0.26749	0	0	0	0	0	0	0	0	0	0	0	0	0.06661	0	0	0	0.26705	0.34053	0.22582	0.57549	0.52961	0.40018	0.62333	0.56038	0.48167	0.54243	0.48137	0.64271	0	0.06662	0.10411	0.52256	0.27105	0.39747	0.29891	0.36987	0.23135	0.05947	0.34376
SCOPE-GRADIENTS G1 (2016) CRUISE	G1UW18_S17	G1_UW_18	5	36.57	-158.00	2016-04-27T06:00-10:00	2016-04-27T16:00	0.19852	0.32536	0.48126	0.17773	0.26772	0.35266	0	0.49593	0.37654	0.85511	0	0.49041	1.16308	0.42805	0.34178	0.71688	0	0.00231	0	0.4797	0.03218	0.25727	0	0.27743	0.13317	0.02691	4.74369	0	0	0	0	0.01986	0	0	4.74115	0.50495	0.35553	0.2935	0.37142	0.37364	0.4603	0.66315	0.1476	0.62413	0.31009	0	0	0.03971	0	0	0	0	0	0.02901	0	0	0	0	0	0	0	0.48136	0.82814	0.52021	0.50893	0.93523	0.70555	0.94325	0.58878	0.75776	0.88171	0.48385	0.58848	0	0.13183	0.05815	0.54789	0.39426	0.69079	0.25388	0.51308	0.74711	0.04526	0.47614
SCOPE-GRADIENTS G1 (2016) CRUISE	G1UW19_S18	G1_UW_19	5	36.67	-157.92	2016-04-27T12:00-10:00	2016-04-27T22:00	0.17769	0.47078	0.40684	0.25156	0.39905	0.45578	0	0.56806	0.64146	1.56861	0	0.66244	1.79837	0.59971	0.45308	1.2035	0	0	0	0.86128	0	0.19921	0	0.11694	0.13799	0	6.83796	0.02434	0	0.06855	0.17657	0	0.09554	0	4.6681	0.63169	0.18729	0.42821	0.61149	0.83857	0.8107	0.83652	0.46358	0.99917	0.32931	0	0	0	0	0	0	0	0	0	0	0	0	0	0	0	0	0.48852	0.82983	0.70899	1.0162	0.94627	0.98075	1.518	0.91621	1.06247	1.07399	0.71049	0.83916	0	0.16126	0.12513	0.82517	0.42756	0.66725	0.40558	0.80803	0.70335	0.09163	0.81456
SCOPE-GRADIENTS G1 (2016) CRUISE	G1UW20_S19	G1_UW_20	5	35.47	-157.98	2016-04-28T06:00-10:00	2016-04-28T16:00	0.14594	0.2633	0.23032	0.17341	0.29297	0.36643	0	1.22167	0.84026	2.28828	0	0.90904	2.51277	0.79528	0.64547	1.89632	0.00421	0.00417	0.01096	1.13279	0.01235	0.85852	0.0358	0.5037	0.41128	0.03751	8.73998	0.03731	0	0.03124	0.71649	0.00301	0.32215	0.03713	5.78123	0.88338	0.49305	0.55262	0.9451	0.95642	1.30894	1.27475	0.84772	1.86691	0.42766	0	0.00114	0.0052	0	0	0.0005	0	0	0.00047	0.00119	0	0.00811	0.01372	0	0	0	0.71141	1.33064	0.75906	1.10984	1.15297	1.04897	1.21509	1.23147	1.58155	0.90741	1.10464	1.16771	0	0.34962	0.10414	0.99313	0.72029	0.85246	0.45292	1.20177	1.08444	0.0427	1.35369
SCOPE-GRADIENTS G1 (2016) CRUISE	G1UW21_S20	G1_UW_21	5	35.56	-157.91	2016-04-28T12:00-10:00	2016-04-28T22:00	0.10517	0.26318	0.1751	0.13847	0.21484	0.253	0	1.13704	0.58635	2.31333	0	0.73372	2.82334	0.71162	0.56452	1.63127	0.00342	0.00181	0.00517	0.93377	0.015	1.12975	0.03183	0.59848	0.45086	0.0324	10.75094	0.03447	0	0.04145	0.70524	0.00257	0.2074	0.03853	6.13208	0.66472	0.42052	0.56149	0.78172	0.85011	1.06616	1.11376	0.74696	1.84355	0.34503	0	0	0	0	0.00174	0.00065	0	0	0.00019	0.00016	0	0.00971	0.01606	0	0	0	0.63886	1.30544	0.74477	1.14267	1.36351	1.12261	1.45066	1.38993	1.63296	1.25537	1.17366	1.2053	0	0.27599	0.0906	0.91507	0.51469	0.62496	0.55302	1.09601	1.05333	0.0475	1.15934
SCOPE-GRADIENTS G1 (2016) CRUISE	G1UW22_S21	G1_UW_22	5	36.57	-158.00	2016-04-28T20:30-10:00	2016-04-29T06:30	0.15061	0.21868	0.22986	0.0852	0.23697	0.24588	0	0.7771	0.31383	1.58496	0	0.39811	1.63203	0.4809	0.29628	0.87327	0	0	0	0.91927	0.01281	0.34739	0	0.31957	0.30437	0.0284	7.44504	0.04281	0	0.03775	0.37105	0	0	0	4.74568	0.56681	0.35135	0.24652	0.54311	0.52151	0.60748	0.71007	0.40492	1.1226	0.40344	0	0	0	0	0	0.00358	0	0	0	0	0	0	0	0	0	0	0.50109	0.83856	0.51057	0.54592	0.49428	0.5069	1.0577	0.78728	1.42992	1.09795	1.01151	0.81211	0	0.19923	0	0.63609	0.33592	0.54888	0.53422	0.79954	1.03098	0.01826	0.67471
SCOPE-GRADIENTS G1 (2016) CRUISE	G1UW23_S22	G1_UW_23	5	36.05	-157.99	2016-04-29T06:00-10:00	2016-04-29T16:00	0.10261	0.19652	0.14781	0.1277	0.21654	0.23667	0	1.19676	0.6573	2.25748	0	0.65444	2.803	0.63954	0.54825	1.61893	0.00214	0.00159	0.00383	0.91722	0.01518	1.23389	0.03626	0.72837	0.54118	0.03937	10.98777	0.03537	0.00113	0.0483	0.81891	0.00152	0.23452	0.04693	6.22097	0.76978	0.36636	0.51794	0.78745	0.88007	1.19973	1.13362	0.8493	2.14786	0.33652	0	0.00111	0.00051	0	0.00129	0.00049	0	0	0.00194	0.00027	0	0.00898	0.02058	0	0	0.00395	0.63026	1.31277	0.75671	1.05949	1.17092	0.96633	1.30479	1.33756	1.65107	1.1365	1.13089	1.18916	0	0.32693	0.07485	0.84577	0.5712	0.613	0.56807	1.16171	0.98099	0.05292	1.16994
SCOPE-GRADIENTS G1 (2016) CRUISE	G1UW24_S23	G1_UW_24	5	35.07	-158.01	2016-04-29T12:00-10:00	2016-04-29T22:00	0.1413	0.31817	0.23101	0.19511	0.28983	0.35562	0	1.36545	0.76752	2.18658	0	0.75046	2.59516	0.65638	0.66913	1.58689	0.00214	0.0005	0.00285	1.11816	0.01305	1.08119	0.03362	0.53616	0.43817	0.03165	11.0425	0.02121	0	0.06216	0.78383	0	0.19154	0.03023	6.50097	0.76139	0.42766	0.48238	0.80631	0.7654	1.26209	1.20607	0.81682	1.89574	0.37967	0	0	0	0.00289	0	0.00034	0	0	0.00141	0	0	0.00481	0.01507	0	0	0.00433	0.64052	1.23187	0.75583	1.01303	1.16456	0.97012	1.39827	1.29622	1.51173	1.33098	1.10731	1.11884	0	0.36668	0.08181	0.86134	0.61999	0.68698	0.53008	0.94261	0.96506	0.05135	1.16173
SCOPE-GRADIENTS G1 (2016) CRUISE	G1UW25_S24	G1_UW_25	5	34.75	-158.00	2016-04-29T18:00-10:00	2016-04-30T04:00	0.07245	0.13671	0.10137	0.06393	0.12244	0.13394	0	1.65551	0.82716	2.0853	0	0.68198	2.35955	0.57488	0.71899	1.5029	0.00381	0.00446	0.00318	0.81909	0.02519	1.33495	0.05386	0.79791	0.66195	0.06556	9.26791	0.05047	0.00307	0.05789	1.03444	0	0.37277	0.06916	5.37425	0.92144	0.46481	0.4211	1.08833	0.77356	1.26531	1.25728	0.91605	2.15087	0.44724	0	0.00232	0.00324	0.0017	0.00227	0.004	0.0055	0	0.00391	0.00216	0	0.01138	0.02186	0	0	0.00995	0.47078	1.11508	0.66796	0.80001	0.93532	0.64426	0.92266	1.11166	1.9997	0.98353	0.98817	0.99006	0	0.47503	0.0996	0.95261	0.80626	0.91409	0.46451	1.34805	1.08432	0.01473	1.32455
SCOPE-GRADIENTS G1 (2016) CRUISE	G1UW26_S25	G1_UW_26	5	33.09	-158.00	2016-04-30T06:00-10:00	2016-04-30T16:00	0.05044	0.12547	0.07646	0.05925	0.08897	0.12904	0	1.45298	0.64296	2.74887	0	0.64764	2.96753	0.52064	0.58167	1.92986	0.00583	0.00386	0.00172	0.65246	0.02213	1.75876	0.06286	0.89952	0.74135	0.06641	12.35489	0.05353	0.00427	0.08855	1.01177	0.00268	0.31525	0.06905	6.35062	0.66456	0.29744	0.45183	0.69435	0.67268	1.43965	1.19151	0.99724	2.67754	0.27489	0	0.0031	0	0	0.00166	0.00165	0	0	0.00125	0.00298	0.00097	0.0105	0.00956	0	0	0.00233	0.51643	1.33133	0.76909	0.99111	1.19268	0.87262	1.33026	1.62275	1.48114	1.05175	0.96211	1.15703	0	0.3878	0.04291	0.80149	0.55372	0.54115	0.30149	0.99587	0.83153	0.01542	1.14321
SCOPE-GRADIENTS G1 (2016) CRUISE	G1UW27_S26	G1_UW_27	5	29.70	-158.00	2016-05-01T06:00-10:00	2016-05-01T16:00	0.01465	0.02142	0.01784	0.01426	0.01997	0.0275	0	1.06318	0.6887	3.00863	0	0.75767	1.9252	0.73645	0.95969	1.91198	0.0474	0.0443	0.06458	0.68291	0.02415	2.9431	0.36092	2.02922	1.44716	0.44077	8.1847	0.43759	0.0046	0.45109	1.01421	0.007	0.38099	0.17622	5.20853	0.78846	0.52612	0.80926	0.84158	0.77318	1.15474	1.2591	0.91602	3.66023	0.77992	0	0.22365	0.16591	0.11125	0.20536	0.19466	0.18868	0	0.31838	0.32781	0.01404	0.10834	0.05979	0	0	0.39451	1.08391	1.26227	1.13118	1.24316	1.25487	1.36103	1.47993	1.3198	1.63755	1.33297	1.09727	1.01685	0	0.75631	0.15684	1.14152	0.81581	0.56645	0.72935	0.92101	0.82396	0	0.87513
SCOPE-GRADIENTS G1 (2016) CRUISE	G1UW28_S27	G1_UW_28	5	28.97	-157.99	2016-05-01T12:00-10:00	2016-05-01T22:00	0.00682	0.01079	0.01042	0.00543	0.00946	0.01021	0	1.03134	0.80168	3.08389	0	1.06808	1.71431	0.97134	0.96234	1.77047	0.05115	0.04981	0.08001	0.48298	0.01583	1.87276	0.35926	1.38189	1.00629	0.45899	6.46702	0.42019	0	0.47236	0.96606	0.00777	0.24877	0.17432	4.53308	0.84709	0.69109	1.07907	0.98185	0.84691	1.26623	1.45001	1.03654	2.88352	1.12638	0	0.28531	0.22574	0.16792	0.29072	0.23861	0.23141	0	0.34648	0.36287	0.00412	0.11458	0.06701	0	0	0.47135	1.26452	1.28346	1.31637	1.16131	1.04209	1.15435	1.23381	1.12088	1.4002	1.12441	1.19381	1.01079	0	1.02916	0.25107	1.31781	1.02303	0.77191	0.80902	0.93284	0.88686	0	0.90252
SCOPE-GRADIENTS G1 (2016) CRUISE	G1UW29_S28	G1_UW_29	5	28.00	-158.00	2016-05-01T18:00-10:00	2016-05-02T04:00	0.01343	0.01287	0.01335	0.01284	0.01761	0.02111	0	0.89952	0.65389	2.85394	0	0.92317	1.70613	0.84233	0.89339	1.64984	0.05088	0.04519	0.08904	0.63582	0.02414	1.83959	0.3559	1.36663	0.94227	0.45297	6.38712	0.4184	0.00187	0.47869	0.91788	0.01327	0.31026	0.23009	4.59323	0.81662	0.5452	0.84592	1.20958	0.75869	1.11193	1.27077	0.90003	2.71985	1.18105	0	0.23845	0.19908	0.14074	0.23341	0.22052	0.24146	0	0.3338	0.36182	0.00797	0.1067	0.05829	0	0	0.39812	1.08225	1.19234	1.12086	1.10442	1.05133	1.05429	1.15487	1.06264	1.80315	1.18661	1.07336	0.93507	0	0.77639	0.20416	1.33106	1.09616	0.696	0.74385	1.08903	1.19517	0	1.05266
SCOPE-GRADIENTS G3 (2017) CRUISE	G2UW2_S35	G2_UW_2	5	29.65	-158.00	2017-05-30T12:20-10:00	2017-05-30T22:20	0.00212	0.00375	0.0025	0.0012	0.00443	0.0055	0	0.76085	0.60324	4.20673	0	0.73191	1.90659	0.91587	0.93032	2.35521	0.07837	0.06144	0.08697	0.36435	0.01792	1.97826	0.41886	1.27228	0.89339	0.48422	9.3865	0.49818	0.00148	0.66651	0.98249	0.01499	0.20341	0.17416	5.15095	0.54891	0.36707	1.13574	0.86503	0.51896	1.44964	1.37485	1.34915	3.43355	1.39954	0	0.22752	0.13589	0.09469	0.1629	0.18233	0.20464	0	0.4634	0.60276	0.00042	0.2054	0.06298	0	0	0.40565	1.3915	1.45468	1.78188	1.03454	0.9159	1.27624	1.68718	1.73684	1.85512	1.89582	0.95709	0.98205	0	1.11577	0.17867	1.66659	1.31916	0.50475	0.7131	0.70247	0.56172	0.00009	0.72042
SCOPE-GRADIENTS G3 (2017) CRUISE	G2UW4_S36	G2_UW_4	5	31.00	-158.00	2017-05-30T20:00-10:00	2017-05-31T06:00	0.03208	0.04547	0.04536	0.03228	0.04375	0.05868	0	1.05523	0.68074	2.84885	0	0.90469	2.10198	0.81148	0.91262	1.82182	0.06513	0.04537	0.09097	0.69761	0.02623	2.16979	0.40154	1.67363	1.1899	0.52499	8.14063	0.43451	0.00278	0.5076	0.93728	0.01466	0.34253	0.23425	4.8311	0.82016	0.56643	0.78264	0.99827	0.93486	1.05515	1.18672	0.78581	2.95724	0.88995	0.0002	0.24094	0.19146	0.15034	0.2432	0.21702	0.20505	0	0.31629	0.31606	0.00988	0.12464	0.08764	0	0	0.42257	0.98364	1.20316	1.07055	1.12935	1.19872	1.0586	1.20589	1.10582	1.677	1.05397	1.10188	0.92083	0	0.7234	0.1679	1.35267	0.84573	0.76854	0.6886	1.17764	0.91112	0	1.08753
SCOPE-GRADIENTS G3 (2017) CRUISE	G2UW8_S37	G2_UW_8	5	33.45	-158.01	2017-05-31T12:00-10:00	2017-05-31T22:00	0.08929	0.22673	0.14355	0.10038	0.18993	0.24589	0	1.18453	0.68459	1.98026	0	0.5307	2.45987	0.4539	0.49092	1.89696	0.00387	0.01089	0.00733	0.80554	0.01466	0.98515	0.04725	0.61085	0.42725	0.04359	9.9405	0.07019	0.00436	0.07504	0.73673	0.00259	0.15197	0.02829	5.73979	0.5718	0.23887	0.42465	0.67184	0.58275	1.15267	1.08239	0.83092	2.0184	0.31301	0	0	0	0	0	0.00349	0	0	0.00306	0.00319	0	0.01072	0.01503	0	0	0.01529	0.37078	0.92913	0.67172	0.81516	0.92278	0.74746	1.34616	1.45382	1.23869	0.87423	0.86213	0.98005	0	0.359	0.04242	0.75976	0.55543	0.58948	0.27943	0.84189	0.50744	0.03604	1.12904
SCOPE-GRADIENTS G3 (2017) CRUISE	G2UW10_S38	G2_UW_10	5	34.85	-158.01	2017-05-31T20:00-10:00	2017-06-01T06:00	0.17632	0.29007	0.2267	0.14141	0.26934	0.30111	0	1.17683	0.73069	1.96125	0	0.66423	2.12927	0.61205	0.62454	1.63894	0.00195	0.00509	0.00372	0.84875	0.01235	0.71292	0.05984	0.44714	0.39157	0.06095	8.31636	0.04924	0.00226	0.10324	0.73615	0.00253	0.20152	0.02536	5.29627	0.95292	0.38721	0.34215	1.00224	0.67261	1.19745	1.20407	0.89747	1.8	0.42594	0	0.00364	0.0054	0.00488	0.00126	0.00147	0.00319	0	0.00831	0.00237	0.0016	0.00874	0.01956	0	0	0.00846	0.57435	1.1034	0.70087	0.83782	0.99929	0.701	1.28049	1.19257	1.62641	0.84267	0.98338	1.03809	0	0.42069	0.09453	0.91904	0.73585	0.75119	0.4036	1.19062	0.78425	0.06368	1.2311
SCOPE-GRADIENTS G3 (2017) CRUISE	G2UW12_S39	G2_UW_12	5	36.07	-158.00	2017-06-01T04:35-10:00	2017-06-01T14:35	0.19516	0.40215	0.38289	0.19821	0.35716	0.40997	0	0.95587	0.74	1.74097	0	0.6616	2.11051	0.60101	0.51184	1.34986	0.00049	0.00124	0.01871	0.90198	0.00862	0.60848	0.04105	0.34578	0.29519	0.02068	7.5273	0.02508	0.00419	0.09895	0.48743	0	0.15706	0.03108	5.50715	0.79669	0.41534	0.28841	0.86381	0.82409	1.03684	1.03765	0.61858	1.53961	0.38763	0	0.00191	0	0	0	0	0.00225	0	0.00272	0.00229	0	0.00523	0.0049	0	0	0	0.62223	1.09028	0.66559	0.95396	0.90927	0.79863	1.23171	1.14534	1.40445	0.86426	1.05273	1.00085	0	0.30531	0.08889	0.92888	0.59065	0.84262	0.33281	1.01012	0.70984	0.14728	1.17498
SCOPE-GRADIENTS G3 (2017) CRUISE	G2UW14_S40	G2_UW_14	5	37.28	-158.00	2017-06-01T12:22-10:00	2017-06-01T22:22	0.10513	0.13282	0.17767	0.04056	0.14271	0.24708	0	0.62907	0.34147	1.35262	0	0.34353	1.3428	0.28198	0.36987	1.24989	0	0	0	0.37196	0	0.43621	0.0143	0.1555	0.1402	0	5.68759	0.02001	0	0.17164	0.31796	0	0	0	4.57345	0.33618	0.12575	0.35064	0.43727	0.36609	0.57061	0.80103	0.43313	1.21185	0.22471	0	0	0	0	0	0	0	0	0	0.00938	0	0.0208	0	0	0	0	0.55984	0.79333	0.37216	0.69478	0.6529	0.69005	1.02754	1.17329	0.95085	0.94549	0.57136	0.7147	0	0.30507	0	0.66804	0.35375	0.41831	0.1134	0.37305	0.37623	0.0558	0.78427
SCOPE-GRADIENTS G3 (2017) CRUISE	G2UW16_S41	G2_UW_16	5	38.70	-158.00	2017-06-01T20:42-10:00	2017-06-02T06:42	0.13453	0.31413	0.20433	0.17335	0.22407	0.35346	0	0.71928	0.57703	2.04881	0	0.43172	2.19995	0.42555	0.27076	1.8819	0	0	0	1.2058	0	0.2356	0.01854	0.12685	0.07661	0.01212	9.49523	0.01289	0	0.04326	0.1616	0	0.01541	0	4.75484	0.615	0.25326	0.40678	0.97184	0.44481	1.03292	0.74169	0.64295	1.49214	0.63818	0.00338	0.00275	0.01874	0	0	0	0	0	0	0.00275	0	0.00102	0.00298	0	0	0	0.67885	1.22338	0.82498	0.87063	0.73298	1.03531	1.87806	1.40792	1.5144	1.66905	0.51832	0.95602	0	0.27216	0.05911	1.18757	1.00842	0.71894	0.31928	0.73002	0.6888	0.12565	1.52348
SCOPE-GRADIENTS G3 (2017) CRUISE	G2UW18_S42	G2_UW_18	5	39.77	-158.00	2017-06-02T04:17-10:00	2017-06-02T14:17	0.22001	0	0	0	0	0	0	0.2723	0	0	0	0	0.12528	0	0.10056	0	0	0	0	0	0	0	0	0.33915	0.58041	0	0.48547	0	0	0	0	0	0	0.41158	0.29499	0	0.0955	0.17971	0.05008	0	0.33638	0	0	0.10858	0	0	0	0	0	0	0	0.10167	0	0.06801	0	0	0	0	0	0	0	0.32331	0.36401	0.32807	0	0	0	0.15868	0.05608	0.28712	0.02646	0.16033	0.26928	0	0	0	0.64209	0.13436	0	0	0.05317	0	0	0
SCOPE-GRADIENTS G3 (2017) CRUISE	G2UW20_S43	G2_UW_20	5	40.98	-158.00	2017-06-02T11:58-10:00	2017-06-02T21:58	0	0	0	0	0	0	0	0.29683	0	0.30431	0	0	0	0.06989	0.10234	0	0	0	0	0	0	0	0	0.38976	0.25795	0	0.41202	0.06552	0	0	0	0	0	0	0.78186	0.46188	0	0	0	0	0.54364	0.32857	0	0	0	0	0	0	0	0	0	0	0	0	0	0	0	0	0	0	0	0	0.31495	0.11333	0.21816	0.69313	0.37712	0	0	0.10007	0.1317	0.14258	0.59126	0	0	0	0.41448	0	0.09449	0	0	0	0	0
SCOPE-GRADIENTS G3 (2017) CRUISE	G2UW23_S44	G2_UW_23	5	41.43	-158.01	2017-06-03T04:00-10:00	2017-06-03T14:00	0	0	0	0.12714	0	0	0	0.74693	0	0	0	0	0.09648	0.06193	0.18638	0	0	0	0	0	0	0	0.05145	0.0681	0.12839	0	0.1989	0	0	0	0	0	0	0	0.36759	0	0	0	0	0	0	0	0	0	0	0	0	0	0	0	0	0	0	0	0	0	0	0	0	0	0	0	0.15473	0.14278	0	0	0.14244	0	0	0.16645	0	0	0.56604	0	0	0	0.57063	0.62377	0.53643	0	0	0	0	0
SCOPE-GRADIENTS G3 (2017) CRUISE	G2UW25_S45	G2_UW_25	5	39.50	-158.00	2017-06-04T10:25-10:00	2017-06-04T20:25	0.10953	0.21052	0.09933	0.10715	0	0	0	0.25944	0.15331	0.36011	0	0	0.15598	0	0.07907	0.26913	0	0	0	0.22058	0	0	0	0.23756	0.06732	0	1.37583	0	0	0	0	0	0	0.33584	1.90572	0.35444	0	0	0.23867	0	0.33673	0.10277	0.18997	0.15807	0.06774	0	0	0	0	0	0	0	0	0	0	0	0.04995	0	0	0	0	0	0.52163	0.3573	0.09403	0.14515	0.24044	0.25199	0.13275	0.18597	0.17413	0.27094	0.30289	0	0.03319	0	0.31357	0.3614	0.23123	0	0.25351	0	0	0.1743
SCOPE-GRADIENTS G3 (2017) CRUISE	G2UW26_S46	G2_UW_26	5	38.94	-158.00	2017-06-04T20:00-10:00	2017-06-05T06:00	0.07077	0.23295	0.14971	0.06554	0.21579	0.18849	0	0.49559	0.25519	1.57339	0	0.24569	1.23909	0.25959	0.36695	0.93671	0	0	0	0.72774	0	0.13522	0	0.06484	0.01973	0	6.75237	0	0	0.0608	0.14834	0	0	0	4.61746	0.28748	0.29809	0.31706	0.5727	0.33621	0.57373	0.4524	0.26705	1.18416	0.35729	0.01364	0	0	0	0	0	0	0	0	0	0	0	0	0	0	0	0.28997	0.59068	0.57398	0.19042	0.39293	0.25714	0.98729	1.24234	0.81502	2.28472	0.27993	0.74219	0	0.16742	0.15763	0.59328	0.6483	0.46249	0.08895	0.47169	0.48007	0.05451	1.27117
SCOPE-GRADIENTS G3 (2017) CRUISE	G2UW27_S47	G2_UW_27	5	38.00	-158.00	2017-06-05T06:14-10:00	2017-06-05T16:14	0.07625	0.40629	0.02795	0.03228	0.23253	0.22308	0	0.30368	0.17216	1.64749	0	0.42348	1.48656	0.18252	0.14481	1.25461	0	0	0	0.83497	0.01619	0	0.0181	0.1328	0.03173	0	6.60845	0	0	0	0.14941	0	0	0	3.30826	0.50329	0.09861	0.23463	0.38121	0.13521	0.71717	0.59562	0.45795	1.25105	0.24315	0	0	0	0	0	0	0	0	0	0	0	0	0	0	0	0	0.08245	1.01152	0.47553	0.26643	0.49601	0.50899	1.42303	1.14985	0.64433	1.47973	0.27719	0.61445	0	0.17074	0.07436	0.53568	0.29789	0.42395	0	0.21122	0.28293	0.10641	0.73952
SCOPE-GRADIENTS G3 (2017) CRUISE	G2UW28_S48	G2_UW_28	5	37.50	-158.00	2017-06-05T13:42-10:00	2017-06-05T23:42	0.05787	0.20446	0.04464	0.01947	0.05727	0.1274	0	0.4546	0.21607	1.52671	0	0.091	1.44442	0.08221	0.13808	1.10697	0	0.00916	0	0.38664	0	0.24481	0.01865	0.07869	0.06847	0.00857	6.63455	0	0	0.02547	0.19049	0	0	0	3.86254	0.3977	0.02954	0.27967	0.24085	0.11876	0.90313	0.30872	0.49062	1.38097	0.25612	0.00569	0	0.02732	0	0	0	0	0	0	0.00321	0	0	0	0	0	0	0.16578	0.31075	0.66437	0.19928	0.19195	0.27332	0.92514	1.34172	0.55101	1.44476	0.13368	0.64262	0	0.1539	0.01753	0.44239	0.42078	0.43952	0.06339	0.19796	0.18399	0.08868	1.12114
SCOPE-GRADIENTS G3 (2017) CRUISE	G2UW30_S49	G2_UW_30	5	37.01	-158.00	2017-06-06T05:00-10:00	2017-06-06T15:00	0.16936	0.38357	0.27408	0.11132	0.23229	0.33821	0	0.89157	0.5821	1.41922	0	0.44491	1.83672	0.36162	0.36643	1.03704	0.00101	0	0	0.79447	0	0.32664	0.01339	0.33491	0.1663	0.01496	7.00046	0.07023	0	0.04756	0.53539	0	0.09312	0	4.84351	0.58933	0.20883	0.30226	0.5908	0.60171	0.70735	0.9293	0.64709	1.08056	0.29094	0	0	0	0	0.02172	0	0	0	0.007	0	0	0.00645	0	0	0	0	0.25753	0.97787	0.59319	0.79663	0.90172	0.80169	1.15707	1.00045	1.08286	1.15972	0.90996	0.88506	0	0.19965	0.04654	0.72599	0.34685	0.54416	0.17649	0.72434	0.67323	0.08463	0.94567
SCOPE-GRADIENTS G3 (2017) CRUISE	G2UW31_S50	G2_UW_31	5	36.00	-158.00	2017-06-07T06:25-10:00	2017-06-07T16:25	0.17659	0.34261	0.31641	0.17897	0.28992	0.50995	0	0.85514	0.35632	1.57017	0	0.53735	2.02129	0.53578	0.46807	1.16925	0	0.00549	0	0.75411	0.00815	0.56451	0.02172	0.27086	0.28943	0.02716	8.69727	0.01558	0	0.04857	0.53207	0	0.11699	0	5.81995	0.55839	0.35824	0.33797	0.72418	0.45818	0.69344	1.16024	0.60438	1.33731	0.3012	0	0.00946	0	0	0	0	0	0	0.00602	0	0	0	0.04426	0	0	0.0327	0.4449	1.18957	0.5649	0.51441	0.34957	0.45415	1.32339	1.16612	1.20024	1.26408	0.80191	0.75249	0	0.24689	0.08847	0.78998	0.45003	0.49228	0.22094	0.56263	0.53673	0.1393	0.77566
SCOPE-GRADIENTS G3 (2017) CRUISE	G2UW32_S51	G2_UW_32	5	35.40	-158.00	2017-06-07T19:45-10:00	2017-06-08T05:45	0.17615	0.32678	0.24326	0.17508	0.29815	0.37647	0	1.16386	0.60704	1.81542	0	0.63269	2.39222	0.60379	0.63955	1.34924	0.0024	0.00643	0.00307	0.89235	0.00547	1.04259	0.03297	0.5265	0.40618	0.05821	10.12992	0.03651	0.00189	0.08988	0.77948	0.00103	0.18652	0.02263	6.64346	0.82565	0.43201	0.46008	0.71277	0.70913	1.21517	1.33729	0.79805	1.89398	0.32095	0.00165	0.00095	0.00207	0	0	0.00262	0	0	0.00065	0.00129	0	0.00909	0.02979	0	0	0	0.49787	1.16522	0.68499	0.81674	1.067	0.83069	1.35286	1.27359	1.43712	1.11831	1.1196	1.02123	0	0.30197	0.07929	0.74283	0.52544	0.59487	0.41289	0.91763	1.03737	0.09743	1.04524
SCOPE-GRADIENTS G3 (2017) CRUISE	G2UW35_S52	G2_UW_35	5	32.76	-158.00	2017-06-09T10:34-10:00	2017-06-09T20:34	0.21477	0.32642	0.28282	0.22719	0.37966	0.49484	0	1.56203	0.99249	1.91149	0	0.69077	2.22912	0.6299	0.71526	1.74237	0.00091	0.00395	0.00348	0.86762	0.01154	0.73855	0.03716	0.42565	0.31606	0.03519	8.5546	0.04063	0	0.07492	0.66425	0.00278	0.12659	0.04178	5.95839	1.04063	0.41417	0.43723	0.78877	0.77888	1.34755	1.30632	0.85778	2.03322	0.40969	0	0.0027	0.00313	0.00308	0	0.0002	0.00425	0	0.00364	0.00119	0.00145	0.00975	0.01852	0	0	0.00376	0.53332	1.04552	0.76227	0.92933	1.00755	0.87844	1.5244	1.2105	1.49102	0.98023	1.09007	1.10529	0	0.40909	0.06304	0.80564	0.66005	0.79098	0.37835	1.00383	0.94234	0.12001	1.21005
SCOPE-GRADIENTS G3 (2017) CRUISE	G2UW36_S53	G2_UW_36	5	32.57	-158.00	2017-06-09T11:41-10:00	2017-06-09T21:41	0.11483	0.27935	0.1588	0.14985	0.23983	0.22709	0	0.99653	0.50558	1.98503	0	0.43345	2.42916	0.47757	0.49814	1.48694	0.00134	0.00361	0.02051	0.76801	0.00678	1.25015	0.03706	0.67403	0.49016	0.05302	11.4235	0.05127	0	0.07406	0.82761	0.00515	0.1446	0.00362	6.07764	0.6545	0.2935	0.40194	0.60374	0.61931	1.16842	1.06409	0.71207	2.12147	0.24694	0.00151	0.00155	0.00331	0	0	0.00064	0.00149	0	0.00342	0.00607	0	0.02038	0.00369	0	0	0.00269	0.46883	1.0944	0.64986	0.7837	1.00253	0.78046	1.35155	1.40835	1.40049	1.3904	0.92291	1.08293	0	0.25444	0.06432	0.75331	0.51776	0.50794	0.41898	0.79728	0.85095	0.09096	0.98179
SCOPE-GRADIENTS G3 (2017) CRUISE	G2UW38_S54	G2_UW_38	5	32.00	-158.00	2017-06-10T04:00-10:00	2017-06-10T14:00	0.06064	0.09246	0.06338	0.0555	0.09861	0.10488	0	1.72875	0.92623	2.69892	0	0.72771	2.57529	0.64262	1.06042	2.00622	0.04658	0.04582	0.05385	0.80116	0.02496	2.5471	0.29193	1.69199	1.31851	0.33359	10.01738	0.30862	0.00534	0.29912	1.23879	0.00897	0.43506	0.13304	6.11803	0.91144	0.43895	0.68141	0.88471	0.70709	1.61744	1.52807	1.12341	3.85819	0.56492	0	0.1482	0.11109	0.09555	0.15544	0.12557	0.11285	0	0.21899	0.22007	0.02055	0.09883	0.06678	0	0	0.24133	0.66832	1.21798	0.97802	1.06218	1.34095	0.87834	1.32879	1.49955	1.47816	0.86499	1.18184	1.14178	0	0.76603	0.09338	0.99992	0.8151	0.73338	0.4396	1.12399	0.77617	0	1.17588
SCOPE-GRADIENTS G3 (2019) CRUISE	G3UW1_S55	G3_UW_1	5	22.46	158.00	2019-04-10T08:17-10:00	2019-04-10T18:17	0.01101	0.01126	0.01028	0.01016	0.0141	0.01613	0	0.86013	0.66151	3.48229	0	0.95114	1.66282	1.01982	0.93319	2.06653	0.01119	0.00931	0.01964	0.30696	0.00553	1.23432	0.10581	0.80937	0.64277	0.13045	6.9828	0.12554	0.00028	0.16573	0.81919	0.00199	0.1742	0.06704	4.54145	0.67471	0.53389	1.06926	0.8736	0.78244	1.1224	1.13605	0.98313	2.35011	1.17575	0	0.22284	0.16936	0.11331	0.19563	0.16796	0.17043	0	0.29452	0.3343	0.00029	0.15698	0.06903	0	0	0.39963	1.35162	1.38167	1.47034	1.21033	1.10711	1.35753	1.41008	1.33838	1.69687	1.68629	1.16609	1.02204	0	1.02056	0.25444	1.51892	1.00038	0.72985	0.78826	0.80174	0.90746	0	0.81425
SCOPE-GRADIENTS G3 (2019) CRUISE	G3UW2_S56	G3_UW_2	5	26.28	158.00	2019-04-11T10:00-10:00	2019-04-11T20:00	0.00218	0.00117	0.00219	0.00363	0.0031	0.00155	0	1.61352	1.13595	2.87266	0	1.38248	1.52922	1.10985	1.38418	1.6114	0.04523	0.04196	0.06724	0.33816	0.00914	1.35195	0.24395	1.24026	0.96138	0.26631	5.96947	0.24091	0.00009	0.3442	1.06199	0.00711	0.19324	0.10153	3.84283	1.09111	0.81367	1.44885	0.86076	0.85527	1.41684	1.48259	1.2227	2.76415	1.26907	0	0.18946	0.2189	0.16544	0.20617	0.18587	0.15318	0	0.35404	0.31985	0.00018	0.11141	0.06277	0	0	0.52699	1.32033	1.33449	1.36684	1.00131	0.74298	1.00994	0.99293	1.02511	1.11963	1.15372	1.15201	1.20447	0	1.63346	0.40168	1.36952	1.30184	1.17565	0.81546	1.00227	0.97596	0	1.17176
SCOPE-GRADIENTS G3 (2019) CRUISE	G3UW4_S57	G3_UW_4	5	30.13	158.00	2019-04-12T11:17-10:00	2019-04-12T21:17	0.01026	0.00677	0.01264	0.01028	0.00961	0.0156	0	0.77606	0.5129	2.90301	0	0.8939	1.80286	0.77996	0.72236	1.80286	0.06025	0.05402	0.09261	0.5576	0.03029	2.97482	0.3889	2.24837	1.66094	0.54408	9.00787	0.44458	0.00189	0.67262	1.07945	0.01333	0.34955	0.21139	4.73482	0.61187	0.46571	0.68868	0.76024	0.91897	0.83187	0.9451	0.7049	3.47486	0.73361	0	0.17408	0.14053	0.09351	0.17065	0.15874	0.15154	0	0.22558	0.22976	0.00585	0.07658	0.03896	0	0	0.33028	1.2056	1.23605	1.2274	1.20657	1.18713	1.36152	1.53285	1.34075	1.64284	1.61811	1.20869	0.91741	0	0.65086	0.27451	1.17218	0.65731	0.63319	0.92941	0.75482	1.01183	0	0.71126
SCOPE-GRADIENTS G3 (2019) CRUISE	G3UW6_S58	G3_UW_6	5	31.26	158.00	2019-04-13T00:00-10:00	2019-04-13T10:00	0.04261	0.06641	0.05292	0.05629	0.05651	0.07179	0	1.28123	0.67278	2.3115	0	0.69704	2.21166	0.65989	0.88392	1.44044	0.03633	0.0261	0.03695	0.81348	0.02179	3.32022	0.24758	2.39927	1.80835	0.30826	8.88434	0.25723	0.00541	0.32513	1.30956	0.00607	0.49386	0.15883	5.4471	0.80395	0.4915	0.59184	0.85591	0.94646	1.11901	1.38364	0.77479	3.90998	0.56403	0	0.1309	0.09504	0.07177	0.11247	0.10536	0.11215	0	0.17795	0.16025	0.01868	0.03354	0.04095	0	0	0.2121	0.6354	0.97594	0.78859	0.85968	1.05643	0.80563	1.00588	1.04393	1.43113	0.85833	1.16383	0.93523	0	0.57024	0.10153	0.92547	0.74191	0.65837	0.60673	1.10785	0.97115	0.00138	0.95565
SCOPE-GRADIENTS G3 (2019) CRUISE	G3UW13_S60	G3_UW_13	5	35.42	157.60	2019-04-14T04:00-10:00	2019-04-14T14:00	0.05994	0.11973	0.10854	0.04178	0.12365	0.14636	0	1.39632	0.56199	2.23046	0	0.53883	2.7052	0.44849	0.79054	1.523	0.00794	0.00253	0	0.60301	0.00919	1.58495	0.05399	0.95011	0.7727	0.05109	11.09234	0.04978	0	0.10683	1.40665	0.00502	0.35028	0.06524	5.91067	0.65636	0.37714	0.33808	0.64493	0.58515	1.23831	1.12739	0.86807	2.24032	0.23103	0	0.03232	0.01858	0.00959	0.01252	0.02169	0.00923	0	0.03227	0.03049	0.00863	0.0161	0.01874	0	0	0.03501	0.37644	0.94313	0.62015	0.66246	0.92041	0.54043	1.08379	1.47891	1.36398	1.00847	0.85317	0.94472	0	0.28284	0.02809	0.71839	0.55135	0.51487	0.18281	0.8935	0.71624	0.01833	1.06999
SCOPE-GRADIENTS G3 (2019) CRUISE	G3UW18_S61	G3_UW_18	5	40.13	157.60	2019-04-18T20:20-10:00	2019-04-19T06:20	0.08264	0.45926	0.23477	0.11703	0.01207	0.15753	0	0.57008	0.07497	0.78371	0	0	1.05053	0.19354	0.31037	0.60717	0	0	0	0.75315	0	0.32065	0	0.11025	0.13956	0	4.37579	0	0	0	0.20414	0	0	0.13685	3.25109	0.14394	0.14597	0.08056	0.36825	0.16502	0.42857	0.84005	0.44719	0.73819	0.14092	0.0373	0	0.12383	0	0	0	0	0	0	0.00921	0	0	0	0	0	0	0.40006	0.42296	0.42057	0.35356	0.50021	0.42925	0.69957	0.6041	1.02889	0.9442	0.34366	0.51409	0	0.16802	0.20391	0.50205	0.37815	0.27028	0.20466	0.3596	0.35979	0.07288	0.33864
SCOPE-GRADIENTS G3 (2019) CRUISE	G3UW20_S62	G3_UW_20	5	38.48	157.60	2019-04-19T04:20-10:00	2019-04-19T14:20	0.12492	0.3924	0.25517	0.15415	0.15244	0.2166	0	0.76838	0.35728	0.63505	0	0.18599	1.25034	0.26105	0.53443	0.68286	0	0	0	0.54182	0	0.27999	0	0.17964	0.35842	0.0607	3.84402	0	0	0.2175	0	0	0.15725	0	2.8217	0.17757	0.17371	0.1522	0.51174	0.29679	0.64871	0.83615	0.4312	0.75641	0.25131	0.04015	0.03585	0	0	0	0	0	0	0	0	0	0	0.10095	0	0	0	0.27453	0.57166	0.63611	0.52648	0.49931	0.26034	0.44739	0.86595	0.57312	0.68459	0.52285	0.58702	0	0.06232	0	0.45055	0.29376	0.41357	0	0.30321	0.2507	0	0.43407
SCOPE-GRADIENTS G3 (2019) CRUISE	G3UW27_S64	G3_UW_27	5	35.42	157.60	2019-04-26T06:42-10:00	2019-04-26T16:42	0.07982	0.16858	0.14489	0.08711	0.13852	0.17038	0	1.32261	0.49743	2.49483	0	0.43502	2.78173	0.43595	0.66498	1.66984	0.00294	0.00495	0	0.8029	0.00667	1.62526	0.06453	0.81489	0.64386	0.03591	12.85463	0.04383	0.00124	0.12305	1.14806	0.00677	0.32595	0.05847	6.85938	0.60924	0.26678	0.34758	0.64436	0.57371	1.19231	0.82031	0.74276	2.25694	0.23724	0	0.00769	0.00689	0.01625	0.0086	0.01237	0.00731	0	0.01995	0.02461	0.00832	0.01067	0.02027	0	0	0.01068	0.36635	0.95478	0.6655	0.69749	0.96603	0.62676	1.28665	1.74864	1.29958	1.32573	0.92595	1.02366	0	0.28401	0.028	0.71274	0.47763	0.47656	0.29124	0.83929	0.7869	0.02777	1.13378
SCOPE-GRADIENTS G3 (2019) CRUISE	G3UW29_S65	G3_UW_29	5	34.27	157.60	2019-04-26T13:30-10:00	2019-04-26T23:30	0.06928	0.12742	0.11356	0.04474	0.12344	0.14868	0	1.18951	0.39991	1.93612	0	0.42065	2.43842	0.43804	0.78436	1.2906	0.0029	0.00504	0.00764	0.69379	0.0115	1.81868	0.06628	1.0154	0.76644	0.05917	11.995	0.04572	0.00699	0.09259	1.18907	0.00156	0.34621	0.02671	6.43531	0.47931	0.30427	0.38269	0.53025	0.51254	0.86634	0.9898	0.58592	2.28008	0.18804	0	0.016	0.0102	0.0119	0.00884	0.00991	0.02274	0	0.02228	0.02941	0.00165	0.01321	0.0102	0	0	0.01973	0.35566	1.00039	0.52766	0.61553	0.8645	0.53218	1.04915	1.33348	1.41639	1.22132	0.9426	0.88987	0	0.20936	0.01672	0.57632	0.35778	0.41713	0.20114	0.72907	0.85813	0.02097	0.87274
SCOPE-GRADIENTS G3 (2019) CRUISE	G3UW31_S66	G3_UW_31	5	33.16	157.60	2019-04-26T20:10-10:00	2019-04-27T06:10	0.03143	0.07147	0.05606	0.05362	0.05543	0.09535	0	1.00263	0.37951	2.74353	0	0.30789	2.64162	0.39759	0.88788	1.66394	0.01366	0.00653	0.00704	0.91498	0.01274	3.88427	0.11991	2.11145	1.62183	0.1581	13.18596	0.10492	0.00896	0.12991	1.48745	0.00109	0.49754	0.0677	6.60942	0.48779	0.18844	0.38259	0.61759	0.54455	0.83061	0.68081	0.56627	3.45201	0.19067	0	0.04503	0.05179	0.0477	0.05322	0.04659	0.08606	0	0.09593	0.11559	0.01885	0.03383	0.03521	0	0	0.06497	0.3203	0.93663	0.51497	0.73851	1.18093	0.61171	1.11987	1.39791	1.73192	1.44104	0.83554	0.82328	0	0.20901	0.0233	0.79967	0.42835	0.36456	0.27749	1.01647	1.06572	0.00138	1.13211
SCOPE-GRADIENTS G3 (2019) CRUISE	G3UW34_S67	G3_UW_34	5	31.25	157.60	2019-04-27T06:01-10:00	2019-04-27T16:01	0.05032	0.06382	0.05447	0.03896	0.07355	0.08138	0	1.5631	0.59778	2.19074	0	0.62677	2.55171	0.66473	0.99277	1.41068	0.01604	0.00615	0.03418	0.94816	0.01683	4.24071	0.11624	2.90988	2.26317	0.14653	11.71005	0.14559	0.00278	0.22746	1.54675	0.00089	0.59103	0.11665	6.03695	0.78517	0.41539	0.41898	0.65275	0.82284	1.10282	1.18811	0.83055	4.3626	0.26383	0.00326	0.11983	0.0986	0.09599	0.08908	0.09112	0.08436	0	0.13795	0.12529	0.03349	0.04436	0.0322	0	0	0.1553	0.37155	0.96513	0.6467	0.72944	1.04321	0.66657	0.90469	1.25613	1.36114	0.92216	1.29571	0.94513	0	0.4007	0.04015	0.71733	0.52183	0.58095	0.29054	1.01116	1.02597	0	1.01085
SCOPE-GRADIENTS G3 (2019) CRUISE	G3UW36_S68	G3_UW_36	5	30.14	157.60	2019-04-27T12:00-10:00	2019-04-27T22:00	0.01071	0.01575	0.01058	0.00975	0.0152	0.01581	0	1.03809	0.71632	3.17103	0	0.99877	1.86254	0.90455	0.9524	1.68407	0.07203	0.05481	0.11279	0.64645	0.02117	2.26246	0.4195	1.79915	1.24467	0.51599	8.42221	0.47533	0.00298	0.59786	1.04493	0.015	0.37244	0.223	4.2641	0.77757	0.62571	0.89374	0.88837	0.86771	1.14614	1.29145	0.94769	3.25353	0.91454	0.00034	0.20813	0.16125	0.11864	0.2142	0.19793	0.19964	0	0.32838	0.30352	0.01179	0.11634	0.06048	0	0.00043	0.38581	1.07171	1.24229	1.2018	1.09805	0.97086	1.09554	1.26599	1.2002	1.35984	1.37932	1.11827	0.96139	0	0.96678	0.2353	1.31957	0.96098	0.73847	0.82326	0.89408	0.88969	0	0.85368